Month,Account,Account_Description,Cost_Center,Cost_Center_Name,Amount_SAR,Note
2025-01,5000,COGS – Food,CC-000,UNALLOCATED,95590.92,
2025-01,5000,COGS – Food,CC-210,Riyadh North DC,1174493.75,
2025-01,5000,COGS – Food,CC-220,Riyadh South DC,927231.91,
2025-01,5000,COGS – Food,CC-230,Qassim WH,556339.14,
2025-01,5000,COGS – Food,CC-240,Hail WH,432708.22,
2025-01,5010,COGS – Beverages,CC-000,UNALLOCATED,86938.78,
2025-01,5010,COGS – Beverages,CC-210,Riyadh North DC,1068187.86,
2025-01,5010,COGS – Beverages,CC-220,Riyadh South DC,843306.21,
2025-01,5010,COGS – Beverages,CC-230,Qassim WH,505983.72,
2025-01,5010,COGS – Beverages,CC-240,Hail WH,393542.9,
2025-01,5020,COGS – Household,CC-000,UNALLOCATED,89723.06,
2025-01,5020,COGS – Household,CC-210,Riyadh North DC,1102397.27,
2025-01,5020,COGS – Household,CC-220,Riyadh South DC,870313.64,
2025-01,5020,COGS – Household,CC-230,Qassim WH,522188.18,
2025-01,5020,COGS – Household,CC-240,Hail WH,406146.36,
2025-01,5030,COGS – Cosmetics,CC-000,UNALLOCATED,86990.13,
2025-01,5030,COGS – Cosmetics,CC-210,Riyadh North DC,1068818.73,
2025-01,5030,COGS – Cosmetics,CC-220,Riyadh South DC,843804.26,
2025-01,5030,COGS – Cosmetics,CC-230,Qassim WH,506282.55,
2025-01,5030,COGS – Cosmetics,CC-240,Hail WH,393775.32,
2025-01,5100,Freight Inwards,CC-000,UNALLOCATED,3242.29,
2025-01,5100,Freight Inwards,CC-210,Riyadh North DC,39836.95,
2025-01,5100,Freight Inwards,CC-220,Riyadh South DC,31450.22,
2025-01,5100,Freight Inwards,CC-230,Qassim WH,18870.13,
2025-01,5100,Freight Inwards,CC-240,Hail WH,14676.77,
2025-01,6000,Salaries & Wages,CC-000,UNALLOCATED,116681.97,
2025-01,6000,Salaries & Wages,CC-100,HQ & Admin (Olaya),377271.71,
2025-01,6000,Salaries & Wages,CC-210,Riyadh North DC,829997.76,
2025-01,6000,Salaries & Wages,CC-220,Riyadh South DC,679089.08,
2025-01,6000,Salaries & Wages,CC-230,Qassim WH,377271.71,
2025-01,6000,Salaries & Wages,CC-240,Hail WH,301817.37,
2025-01,6000,Salaries & Wages,CC-310,Sales — Institutional,528180.39,
2025-01,6000,Salaries & Wages,CC-320,Sales — Retail channels,452726.05,
2025-01,6000,Salaries & Wages,CC-410,Finance Shared Services,226363.03,
2025-01,6020,GOSI Contributions,CC-000,UNALLOCATED,11901.56,
2025-01,6020,GOSI Contributions,CC-100,HQ & Admin (Olaya),38481.71,
2025-01,6020,GOSI Contributions,CC-210,Riyadh North DC,84659.77,
2025-01,6020,GOSI Contributions,CC-220,Riyadh South DC,69267.09,
2025-01,6020,GOSI Contributions,CC-230,Qassim WH,38481.71,
2025-01,6020,GOSI Contributions,CC-240,Hail WH,30785.37,
2025-01,6020,GOSI Contributions,CC-310,Sales — Institutional,53874.4,
2025-01,6020,GOSI Contributions,CC-320,Sales — Retail channels,46178.06,
2025-01,6020,GOSI Contributions,CC-410,Finance Shared Services,23089.03,
2025-01,6100,Rent Expense,CC-000,UNALLOCATED,104216.45,
2025-01,6100,Rent Expense,CC-100,HQ & Admin (Olaya),606539.76,
2025-01,6100,Rent Expense,CC-210,Riyadh North DC,1010899.6,
2025-01,6100,Rent Expense,CC-220,Riyadh South DC,876112.99,
2025-01,6100,Rent Expense,CC-230,Qassim WH,471753.15,
2025-01,6100,Rent Expense,CC-240,Hail WH,404359.84,
2025-01,6110,Utilities,CC-000,UNALLOCATED,90018.55,
2025-01,6110,Utilities,CC-100,HQ & Admin (Olaya),291059.96,
2025-01,6110,Utilities,CC-210,Riyadh North DC,698543.92,
2025-01,6110,Utilities,CC-220,Riyadh South DC,582119.93,
2025-01,6110,Utilities,CC-230,Qassim WH,873179.9,
2025-01,6110,Utilities,CC-240,Hail WH,465695.95,
2025-01,6200,Marketing & Advertising,CC-000,UNALLOCATED,5972.62,
2025-01,6200,Marketing & Advertising,CC-100,HQ & Admin (Olaya),28967.21,
2025-01,6200,Marketing & Advertising,CC-310,Sales — Institutional,48278.68,
2025-01,6200,Marketing & Advertising,CC-320,Sales — Retail channels,115868.84,
2025-01,6220,Professional Fees,CC-000,UNALLOCATED,4486.1,
2025-01,6220,Professional Fees,CC-100,HQ & Admin (Olaya),21757.56,
2025-01,6220,Professional Fees,CC-310,Sales — Institutional,36262.61,
2025-01,6220,Professional Fees,CC-320,Sales — Retail channels,87030.27,
2025-01,6300,Logistics – 3PL,CC-000,UNALLOCATED,72508.94,
2025-01,6300,Logistics – 3PL,CC-210,Riyadh North DC,937782.35,
2025-01,6300,Logistics – 3PL,CC-220,Riyadh South DC,656447.64,
2025-01,6300,Logistics – 3PL,CC-230,Qassim WH,422002.06,
2025-01,6300,Logistics – 3PL,CC-240,Hail WH,328223.82,
2025-01,6500,Depreciation Expense,CC-000,UNALLOCATED,14400.0,
2025-01,6500,Depreciation Expense,CC-100,HQ & Admin (Olaya),325920.0,
2025-01,6500,Depreciation Expense,CC-410,Finance Shared Services,139680.0,
2025-02,5000,COGS – Food,CC-000,UNALLOCATED,80157.58,
2025-02,5000,COGS – Food,CC-210,Riyadh North DC,984869.47,
2025-02,5000,COGS – Food,CC-220,Riyadh South DC,777528.53,
2025-02,5000,COGS – Food,CC-230,Qassim WH,466517.12,
2025-02,5000,COGS – Food,CC-240,Hail WH,362846.63,
2025-02,5010,COGS – Beverages,CC-000,UNALLOCATED,104913.72,
2025-02,5010,COGS – Beverages,CC-210,Riyadh North DC,1289039.92,
2025-02,5010,COGS – Beverages,CC-220,Riyadh South DC,1017663.09,
2025-02,5010,COGS – Beverages,CC-230,Qassim WH,610597.86,
2025-02,5010,COGS – Beverages,CC-240,Hail WH,474909.44,
2025-02,5020,COGS – Household,CC-000,UNALLOCATED,105271.43,
2025-02,5020,COGS – Household,CC-210,Riyadh North DC,1293434.98,
2025-02,5020,COGS – Household,CC-220,Riyadh South DC,1021132.88,
2025-02,5020,COGS – Household,CC-230,Qassim WH,612679.73,
2025-02,5020,COGS – Household,CC-240,Hail WH,476528.68,
2025-02,5030,COGS – Cosmetics,CC-000,UNALLOCATED,61054.92,
2025-02,5030,COGS – Cosmetics,CC-210,Riyadh North DC,750161.47,
2025-02,5030,COGS – Cosmetics,CC-220,Riyadh South DC,592232.74,
2025-02,5030,COGS – Cosmetics,CC-230,Qassim WH,355339.64,
2025-02,5030,COGS – Cosmetics,CC-240,Hail WH,276375.28,
2025-02,5100,Freight Inwards,CC-000,UNALLOCATED,2648.68,
2025-02,5100,Freight Inwards,CC-210,Riyadh North DC,32543.47,
2025-02,5100,Freight Inwards,CC-220,Riyadh South DC,25692.21,
2025-02,5100,Freight Inwards,CC-230,Qassim WH,15415.33,
2025-02,5100,Freight Inwards,CC-240,Hail WH,11989.69,
2025-02,6000,Salaries & Wages,CC-000,UNALLOCATED,118280.67,
2025-02,6000,Salaries & Wages,CC-100,HQ & Admin (Olaya),382440.84,
2025-02,6000,Salaries & Wages,CC-210,Riyadh North DC,841369.84,
2025-02,6000,Salaries & Wages,CC-220,Riyadh South DC,688393.51,
2025-02,6000,Salaries & Wages,CC-230,Qassim WH,382440.84,
2025-02,6000,Salaries & Wages,CC-240,Hail WH,305952.67,
2025-02,6000,Salaries & Wages,CC-310,Sales — Institutional,535417.17,
2025-02,6000,Salaries & Wages,CC-320,Sales — Retail channels,458929.01,
2025-02,6000,Salaries & Wages,CC-410,Finance Shared Services,229464.5,
2025-02,6020,GOSI Contributions,CC-000,UNALLOCATED,12064.63,
2025-02,6020,GOSI Contributions,CC-100,HQ & Admin (Olaya),39008.97,
2025-02,6020,GOSI Contributions,CC-210,Riyadh North DC,85819.72,
2025-02,6020,GOSI Contributions,CC-220,Riyadh South DC,70216.14,
2025-02,6020,GOSI Contributions,CC-230,Qassim WH,39008.97,
2025-02,6020,GOSI Contributions,CC-240,Hail WH,31207.17,
2025-02,6020,GOSI Contributions,CC-310,Sales — Institutional,54612.55,
2025-02,6020,GOSI Contributions,CC-320,Sales — Retail channels,46810.76,
2025-02,6020,GOSI Contributions,CC-410,Finance Shared Services,23405.37,
2025-02,6100,Rent Expense,CC-000,UNALLOCATED,116417.3,
2025-02,6100,Rent Expense,CC-100,HQ & Admin (Olaya),677548.68,
2025-02,6100,Rent Expense,CC-210,Riyadh North DC,1129247.78,
2025-02,6100,Rent Expense,CC-220,Riyadh South DC,978681.41,
2025-02,6100,Rent Expense,CC-230,Qassim WH,526982.3,
2025-02,6100,Rent Expense,CC-240,Hail WH,451699.11,
2025-02,6110,Utilities,CC-000,UNALLOCATED,90234.62,
2025-02,6110,Utilities,CC-100,HQ & Admin (Olaya),291758.62,
2025-02,6110,Utilities,CC-210,Riyadh North DC,700220.67,
2025-02,6110,Utilities,CC-220,Riyadh South DC,583517.23,
2025-02,6110,Utilities,CC-230,Qassim WH,875275.84,
2025-02,6110,Utilities,CC-240,Hail WH,466813.78,
2025-02,6200,Marketing & Advertising,CC-000,UNALLOCATED,1551.44,
2025-02,6200,Marketing & Advertising,CC-100,HQ & Admin (Olaya),7524.5,
2025-02,6200,Marketing & Advertising,CC-310,Sales — Institutional,12540.83,
2025-02,6200,Marketing & Advertising,CC-320,Sales — Retail channels,30097.98,
2025-02,6220,Professional Fees,CC-000,UNALLOCATED,6505.24,
2025-02,6220,Professional Fees,CC-100,HQ & Admin (Olaya),31550.39,
2025-02,6220,Professional Fees,CC-310,Sales — Institutional,52584.0,
2025-02,6220,Professional Fees,CC-320,Sales — Retail channels,126201.6,
2025-02,6300,Logistics – 3PL,CC-000,UNALLOCATED,94304.07,
2025-02,6300,Logistics – 3PL,CC-210,Riyadh North DC,1219666.0,
2025-02,6300,Logistics – 3PL,CC-220,Riyadh South DC,853766.2,
2025-02,6300,Logistics – 3PL,CC-230,Qassim WH,548849.7,
2025-02,6300,Logistics – 3PL,CC-240,Hail WH,426883.09,
2025-02,6500,Depreciation Expense,CC-000,UNALLOCATED,14400.0,
2025-02,6500,Depreciation Expense,CC-100,HQ & Admin (Olaya),325920.0,
2025-02,6500,Depreciation Expense,CC-410,Finance Shared Services,139680.0,
2025-03,5000,COGS – Food,CC-000,UNALLOCATED,67888.47,
2025-03,5000,COGS – Food,CC-210,Riyadh North DC,834123.03,
2025-03,5000,COGS – Food,CC-220,Riyadh South DC,658518.19,
2025-03,5000,COGS – Food,CC-230,Qassim WH,395110.91,
2025-03,5000,COGS – Food,CC-240,Hail WH,307308.49,
2025-03,5010,COGS – Beverages,CC-000,UNALLOCATED,87418.3,
2025-03,5010,COGS – Beverages,CC-210,Riyadh North DC,1074079.48,
2025-03,5010,COGS – Beverages,CC-220,Riyadh South DC,847957.49,
2025-03,5010,COGS – Beverages,CC-230,Qassim WH,508774.49,
2025-03,5010,COGS – Beverages,CC-240,Hail WH,395713.49,
2025-03,5020,COGS – Household,CC-000,UNALLOCATED,108321.15,
2025-03,5020,COGS – Household,CC-210,Riyadh North DC,1330905.86,
2025-03,5020,COGS – Household,CC-220,Riyadh South DC,1050715.16,
2025-03,5020,COGS – Household,CC-230,Qassim WH,630429.09,
2025-03,5020,COGS – Household,CC-240,Hail WH,490333.74,
2025-03,5030,COGS – Cosmetics,CC-000,UNALLOCATED,87635.11,
2025-03,5030,COGS – Cosmetics,CC-210,Riyadh North DC,1076743.33,
2025-03,5030,COGS – Cosmetics,CC-220,Riyadh South DC,850060.53,
2025-03,5030,COGS – Cosmetics,CC-230,Qassim WH,510036.32,
2025-03,5030,COGS – Cosmetics,CC-240,Hail WH,396694.9,
2025-03,6000,Salaries & Wages,CC-000,UNALLOCATED,113940.56,
2025-03,6000,Salaries & Wages,CC-100,HQ & Admin (Olaya),368407.8,
2025-03,6000,Salaries & Wages,CC-210,Riyadh North DC,810497.15,
2025-03,6000,Salaries & Wages,CC-220,Riyadh South DC,663134.03,
2025-03,6000,Salaries & Wages,CC-230,Qassim WH,368407.8,
2025-03,6000,Salaries & Wages,CC-240,Hail WH,294726.24,
2025-03,6000,Salaries & Wages,CC-310,Sales — Institutional,515770.92,
2025-03,6000,Salaries & Wages,CC-320,Sales — Retail channels,442089.36,
2025-03,6000,Salaries & Wages,CC-410,Finance Shared Services,221044.66,
2025-03,6020,GOSI Contributions,CC-000,UNALLOCATED,11621.94,
2025-03,6020,GOSI Contributions,CC-100,HQ & Admin (Olaya),37577.6,
2025-03,6020,GOSI Contributions,CC-210,Riyadh North DC,82670.71,
2025-03,6020,GOSI Contributions,CC-220,Riyadh South DC,67639.67,
2025-03,6020,GOSI Contributions,CC-230,Qassim WH,37577.6,
2025-03,6020,GOSI Contributions,CC-240,Hail WH,30062.08,
2025-03,6020,GOSI Contributions,CC-310,Sales — Institutional,52608.63,
2025-03,6020,GOSI Contributions,CC-320,Sales — Retail channels,45093.11,
2025-03,6020,GOSI Contributions,CC-410,Finance Shared Services,22546.55,
2025-03,6100,Rent Expense,CC-000,UNALLOCATED,111585.59,
2025-03,6100,Rent Expense,CC-100,HQ & Admin (Olaya),649428.16,
2025-03,6100,Rent Expense,CC-210,Riyadh North DC,1082380.26,
2025-03,6100,Rent Expense,CC-220,Riyadh South DC,938062.89,
2025-03,6100,Rent Expense,CC-230,Qassim WH,505110.79,
2025-03,6100,Rent Expense,CC-240,Hail WH,432952.1,
2025-03,6110,Utilities,CC-000,UNALLOCATED,90878.45,
2025-03,6110,Utilities,CC-100,HQ & Admin (Olaya),293840.31,
2025-03,6110,Utilities,CC-210,Riyadh North DC,705216.76,
2025-03,6110,Utilities,CC-220,Riyadh South DC,587680.63,
2025-03,6110,Utilities,CC-230,Qassim WH,881520.95,
2025-03,6110,Utilities,CC-240,Hail WH,470144.51,
2025-03,6200,Marketing & Advertising,CC-000,UNALLOCATED,4411.37,
2025-03,6200,Marketing & Advertising,CC-100,HQ & Admin (Olaya),21395.13,
2025-03,6200,Marketing & Advertising,CC-310,Sales — Institutional,35658.55,
2025-03,6200,Marketing & Advertising,CC-320,Sales — Retail channels,85580.53,
2025-03,6220,Professional Fees,CC-000,UNALLOCATED,6362.39,
2025-03,6220,Professional Fees,CC-100,HQ & Admin (Olaya),30857.61,
2025-03,6220,Professional Fees,CC-310,Sales — Institutional,51429.34,
2025-03,6220,Professional Fees,CC-320,Sales — Retail channels,123430.43,
2025-03,6300,Logistics – 3PL,CC-000,UNALLOCATED,60346.0,
2025-03,6300,Logistics – 3PL,CC-210,Riyadh North DC,780474.93,
2025-03,6300,Logistics – 3PL,CC-220,Riyadh South DC,546332.45,
2025-03,6300,Logistics – 3PL,CC-230,Qassim WH,351213.72,
2025-03,6300,Logistics – 3PL,CC-240,Hail WH,273166.22,
2025-03,6500,Depreciation Expense,CC-000,UNALLOCATED,14400.0,
2025-03,6500,Depreciation Expense,CC-100,HQ & Admin (Olaya),325920.0,
2025-03,6500,Depreciation Expense,CC-410,Finance Shared Services,139680.0,
2025-03,6700,Insurance Expense,CC-000,UNALLOCATED,5100.0,
2025-03,6700,Insurance Expense,CC-100,HQ & Admin (Olaya),115430.0,
2025-03,6700,Insurance Expense,CC-410,Finance Shared Services,49470.0,
2025-04,5000,COGS – Food,CC-000,UNALLOCATED,90671.57,
2025-04,5000,COGS – Food,CC-210,Riyadh North DC,1114051.38,
2025-04,5000,COGS – Food,CC-220,Riyadh South DC,879514.24,
2025-04,5000,COGS – Food,CC-230,Qassim WH,527708.55,
2025-04,5000,COGS – Food,CC-240,Hail WH,410439.98,
2025-04,5010,COGS – Beverages,CC-000,UNALLOCATED,109011.49,
2025-04,5010,COGS – Beverages,CC-210,Riyadh North DC,1339387.8,
2025-04,5010,COGS – Beverages,CC-220,Riyadh South DC,1057411.42,
2025-04,5010,COGS – Beverages,CC-230,Qassim WH,634446.85,
2025-04,5010,COGS – Beverages,CC-240,Hail WH,493458.67,
2025-04,5020,COGS – Household,CC-000,UNALLOCATED,102033.19,
2025-04,5020,COGS – Household,CC-210,Riyadh North DC,1253647.78,
2025-04,5020,COGS – Household,CC-220,Riyadh South DC,989721.93,
2025-04,5020,COGS – Household,CC-230,Qassim WH,593833.16,
2025-04,5020,COGS – Household,CC-240,Hail WH,461870.23,
2025-04,5030,COGS – Cosmetics,CC-000,UNALLOCATED,82393.36,
2025-04,5030,COGS – Cosmetics,CC-210,Riyadh North DC,1012339.73,
2025-04,5030,COGS – Cosmetics,CC-220,Riyadh South DC,799215.58,
2025-04,5030,COGS – Cosmetics,CC-230,Qassim WH,479529.35,
2025-04,5030,COGS – Cosmetics,CC-240,Hail WH,372967.27,
2025-04,5100,Freight Inwards,CC-000,UNALLOCATED,3266.34,
2025-04,5100,Freight Inwards,CC-210,Riyadh North DC,40132.39,
2025-04,5100,Freight Inwards,CC-220,Riyadh South DC,31683.46,
2025-04,5100,Freight Inwards,CC-230,Qassim WH,19010.08,
2025-04,5100,Freight Inwards,CC-240,Hail WH,14785.61,
2025-04,6000,Salaries & Wages,,,523146.96,
2025-04,6000,Salaries & Wages,CC-000,UNALLOCATED,115570.02,
2025-04,6000,Salaries & Wages,CC-100,HQ & Admin (Olaya),373676.4,
2025-04,6000,Salaries & Wages,CC-210,Riyadh North DC,822088.09,
2025-04,6000,Salaries & Wages,CC-220,Riyadh South DC,672617.53,
2025-04,6000,Salaries & Wages,CC-230,Qassim WH,373676.4,
2025-04,6000,Salaries & Wages,CC-240,Hail WH,298941.12,
2025-04,6000,Salaries & Wages,CC-320,Sales — Retail channels,448411.68,
2025-04,6000,Salaries & Wages,CC-410,Finance Shared Services,224205.85,
2025-04,6020,GOSI Contributions,CC-000,UNALLOCATED,11788.14,
2025-04,6020,GOSI Contributions,CC-100,HQ & Admin (Olaya),38114.99,
2025-04,6020,GOSI Contributions,CC-210,Riyadh North DC,83852.98,
2025-04,6020,GOSI Contributions,CC-220,Riyadh South DC,68606.99,
2025-04,6020,GOSI Contributions,CC-230,Qassim WH,38114.99,
2025-04,6020,GOSI Contributions,CC-240,Hail WH,30491.99,
2025-04,6020,GOSI Contributions,CC-310,Sales — Institutional,53360.99,
2025-04,6020,GOSI Contributions,CC-320,Sales — Retail channels,45737.99,
2025-04,6020,GOSI Contributions,CC-410,Finance Shared Services,22869.01,
2025-04,6100,Rent Expense,CC-000,UNALLOCATED,104537.11,
2025-04,6100,Rent Expense,CC-100,HQ & Admin (Olaya),608405.98,
2025-04,6100,Rent Expense,CC-210,Riyadh North DC,1014009.96,
2025-04,6100,Rent Expense,CC-220,Riyadh South DC,878808.63,
2025-04,6100,Rent Expense,CC-230,Qassim WH,473204.65,
2025-04,6100,Rent Expense,CC-240,Hail WH,405603.98,
2025-04,6110,Utilities,CC-000,UNALLOCATED,90306.0,
2025-04,6110,Utilities,CC-100,HQ & Admin (Olaya),291989.38,
2025-04,6110,Utilities,CC-210,Riyadh North DC,700774.53,
2025-04,6110,Utilities,CC-220,Riyadh South DC,583978.78,
2025-04,6110,Utilities,CC-230,Qassim WH,875968.17,
2025-04,6110,Utilities,CC-240,Hail WH,467183.02,
2025-04,6200,Marketing & Advertising,CC-000,UNALLOCATED,3974.84,
2025-04,6200,Marketing & Advertising,CC-100,HQ & Admin (Olaya),19277.98,
2025-04,6200,Marketing & Advertising,CC-310,Sales — Institutional,32129.97,
2025-04,6200,Marketing & Advertising,CC-320,Sales — Retail channels,77111.92,
2025-04,6220,Professional Fees,CC-000,UNALLOCATED,12510.02,
2025-04,6220,Professional Fees,CC-100,HQ & Admin (Olaya),60673.58,
2025-04,6220,Professional Fees,CC-310,Sales — Institutional,101122.62,
2025-04,6220,Professional Fees,CC-320,Sales — Retail channels,242694.29,
2025-04,6300,Logistics – 3PL,CC-000,UNALLOCATED,95431.07,
2025-04,6300,Logistics – 3PL,CC-210,Riyadh North DC,1234241.86,
2025-04,6300,Logistics – 3PL,CC-220,Riyadh South DC,863969.3,
2025-04,6300,Logistics – 3PL,CC-230,Qassim WH,555408.83,
2025-04,6300,Logistics – 3PL,CC-240,Hail WH,431984.65,
2025-04,6500,Depreciation Expense,CC-000,UNALLOCATED,14400.0,
2025-04,6500,Depreciation Expense,CC-100,HQ & Admin (Olaya),325920.0,
2025-04,6500,Depreciation Expense,CC-410,Finance Shared Services,139680.0,
2025-05,5000,COGS – Food,CC-000,UNALLOCATED,76335.97,
2025-05,5000,COGS – Food,CC-210,Riyadh North DC,937914.64,
2025-05,5000,COGS – Food,CC-220,Riyadh South DC,740458.93,
2025-05,5000,COGS – Food,CC-230,Qassim WH,444275.36,
2025-05,5000,COGS – Food,CC-240,Hail WH,345547.5,
2025-05,5010,COGS – Beverages,CC-000,UNALLOCATED,117917.88,
2025-05,5010,COGS – Beverages,CC-210,Riyadh North DC,1448817.67,
2025-05,5010,COGS – Beverages,CC-220,Riyadh South DC,1143803.43,
2025-05,5010,COGS – Beverages,CC-230,Qassim WH,686282.06,
2025-05,5010,COGS – Beverages,CC-240,Hail WH,533774.93,
2025-05,5020,COGS – Household,CC-000,UNALLOCATED,91272.17,
2025-05,5020,COGS – Household,CC-210,Riyadh North DC,1121430.72,
2025-05,5020,COGS – Household,CC-220,Riyadh South DC,885340.04,
2025-05,5020,COGS – Household,CC-230,Qassim WH,531204.02,
2025-05,5020,COGS – Household,CC-240,Hail WH,413158.68,
2025-05,5030,COGS – Cosmetics,CC-000,UNALLOCATED,92997.65,
2025-05,5030,COGS – Cosmetics,CC-210,Riyadh North DC,1142631.11,
2025-05,5030,COGS – Cosmetics,CC-220,Riyadh South DC,902077.19,
2025-05,5030,COGS – Cosmetics,CC-230,Qassim WH,541246.31,
2025-05,5030,COGS – Cosmetics,CC-240,Hail WH,420969.36,
2025-05,5100,Freight Inwards,CC-000,UNALLOCATED,2817.4,
2025-05,5100,Freight Inwards,CC-210,Riyadh North DC,34616.41,
2025-05,5100,Freight Inwards,CC-220,Riyadh South DC,27328.74,
2025-05,5100,Freight Inwards,CC-230,Qassim WH,16397.24,
2025-05,5100,Freight Inwards,CC-240,Hail WH,12753.41,
2025-05,6000,Salaries & Wages,CC-000,UNALLOCATED,115994.49,
2025-05,6000,Salaries & Wages,CC-100,HQ & Admin (Olaya),375048.86,
2025-05,6000,Salaries & Wages,CC-210,Riyadh North DC,825107.49,
2025-05,6000,Salaries & Wages,CC-220,Riyadh South DC,675087.95,
2025-05,6000,Salaries & Wages,CC-230,Qassim WH,375048.86,
2025-05,6000,Salaries & Wages,CC-240,Hail WH,300039.09,
2025-05,6000,Salaries & Wages,CC-310,Sales — Institutional,525068.4,
2025-05,6000,Salaries & Wages,CC-320,Sales — Retail channels,450058.63,
2025-05,6000,Salaries & Wages,CC-410,Finance Shared Services,225029.32,
2025-05,6020,GOSI Contributions,,,84160.97,
2025-05,6020,GOSI Contributions,CC-000,UNALLOCATED,11831.44,
2025-05,6020,GOSI Contributions,CC-100,HQ & Admin (Olaya),38254.98,
2025-05,6020,GOSI Contributions,CC-220,Riyadh South DC,68858.97,
2025-05,6020,GOSI Contributions,CC-230,Qassim WH,38254.98,
2025-05,6020,GOSI Contributions,CC-240,Hail WH,30603.99,
2025-05,6020,GOSI Contributions,CC-310,Sales — Institutional,53556.98,
2025-05,6020,GOSI Contributions,CC-320,Sales — Retail channels,45905.98,
2025-05,6020,GOSI Contributions,CC-410,Finance Shared Services,22952.99,
2025-05,6100,Rent Expense,CC-000,UNALLOCATED,113541.29,
2025-05,6100,Rent Expense,CC-100,HQ & Admin (Olaya),660810.28,
2025-05,6100,Rent Expense,CC-210,Riyadh North DC,1101350.49,
2025-05,6100,Rent Expense,CC-220,Riyadh South DC,954503.76,
2025-05,6100,Rent Expense,CC-230,Qassim WH,513963.56,
2025-05,6100,Rent Expense,CC-240,Hail WH,440540.2,
2025-05,6110,Utilities,CC-000,UNALLOCATED,92518.74,
2025-05,6110,Utilities,CC-100,HQ & Admin (Olaya),299143.91,
2025-05,6110,Utilities,CC-210,Riyadh North DC,717945.41,
2025-05,6110,Utilities,CC-220,Riyadh South DC,598287.84,
2025-05,6110,Utilities,CC-230,Qassim WH,897431.76,
2025-05,6110,Utilities,CC-240,Hail WH,478630.27,
2025-05,6200,Marketing & Advertising,CC-000,UNALLOCATED,1269.24,
2025-05,6200,Marketing & Advertising,CC-100,HQ & Admin (Olaya),6155.83,
2025-05,6200,Marketing & Advertising,CC-310,Sales — Institutional,10259.7,
2025-05,6200,Marketing & Advertising,CC-320,Sales — Retail channels,24623.29,
2025-05,6220,Professional Fees,CC-000,UNALLOCATED,11917.44,
2025-05,6220,Professional Fees,CC-100,HQ & Admin (Olaya),57799.58,
2025-05,6220,Professional Fees,CC-310,Sales — Institutional,96332.64,
2025-05,6220,Professional Fees,CC-320,Sales — Retail channels,231198.32,
2025-05,6300,Logistics – 3PL,CC-000,UNALLOCATED,131748.97,
2025-05,6300,Logistics – 3PL,CC-210,Riyadh North DC,1703953.4,
2025-05,6300,Logistics – 3PL,CC-220,Riyadh South DC,1192767.38,
2025-05,6300,Logistics – 3PL,CC-230,Qassim WH,766779.03,
2025-05,6300,Logistics – 3PL,CC-240,Hail WH,596383.7,
2025-05,6500,Depreciation Expense,CC-000,UNALLOCATED,14400.0,
2025-05,6500,Depreciation Expense,CC-100,HQ & Admin (Olaya),325920.0,
2025-05,6500,Depreciation Expense,CC-410,Finance Shared Services,139680.0,
2025-06,5000,COGS – Food,CC-000,UNALLOCATED,85100.35,
2025-06,5000,COGS – Food,CC-210,Riyadh North DC,1045599.6,
2025-06,5000,COGS – Food,CC-220,Riyadh South DC,825473.36,
2025-06,5000,COGS – Food,CC-230,Qassim WH,495284.02,
2025-06,5000,COGS – Food,CC-240,Hail WH,385220.9,
2025-06,5010,COGS – Beverages,CC-000,UNALLOCATED,125910.58,
2025-06,5010,COGS – Beverages,CC-210,Riyadh North DC,1547021.31,
2025-06,5010,COGS – Beverages,CC-220,Riyadh South DC,1221332.62,
2025-06,5010,COGS – Beverages,CC-230,Qassim WH,732799.57,
2025-06,5010,COGS – Beverages,CC-240,Hail WH,569955.22,
2025-06,5020,COGS – Household,CC-000,UNALLOCATED,97476.15,
2025-06,5020,COGS – Household,CC-210,Riyadh North DC,1197656.93,
2025-06,5020,COGS – Household,CC-220,Riyadh South DC,945518.63,
2025-06,5020,COGS – Household,CC-230,Qassim WH,567311.18,
2025-06,5020,COGS – Household,CC-240,Hail WH,441242.02,
2025-06,5030,COGS – Cosmetics,CC-000,UNALLOCATED,80776.73,
2025-06,5030,COGS – Cosmetics,CC-210,Riyadh North DC,992476.72,
2025-06,5030,COGS – Cosmetics,CC-220,Riyadh South DC,783534.25,
2025-06,5030,COGS – Cosmetics,CC-230,Qassim WH,470120.55,
2025-06,5030,COGS – Cosmetics,CC-240,Hail WH,365649.31,
2025-06,6000,Salaries & Wages,CC-000,UNALLOCATED,118036.03,
2025-06,6000,Salaries & Wages,CC-100,HQ & Admin (Olaya),381649.85,
2025-06,6000,Salaries & Wages,CC-210,Riyadh North DC,839629.66,
2025-06,6000,Salaries & Wages,CC-220,Riyadh South DC,686969.72,
2025-06,6000,Salaries & Wages,CC-230,Qassim WH,381649.85,
2025-06,6000,Salaries & Wages,CC-240,Hail WH,305319.88,
2025-06,6000,Salaries & Wages,CC-310,Sales — Institutional,534309.78,
2025-06,6000,Salaries & Wages,CC-320,Sales — Retail channels,457979.81,
2025-06,6000,Salaries & Wages,CC-410,Finance Shared Services,228989.91,
2025-06,6020,GOSI Contributions,CC-000,UNALLOCATED,12039.68,
2025-06,6020,GOSI Contributions,CC-100,HQ & Admin (Olaya),38928.28,
2025-06,6020,GOSI Contributions,CC-210,Riyadh North DC,85642.23,
2025-06,6020,GOSI Contributions,CC-220,Riyadh South DC,70070.91,
2025-06,6020,GOSI Contributions,CC-230,Qassim WH,38928.28,
2025-06,6020,GOSI Contributions,CC-240,Hail WH,31142.63,
2025-06,6020,GOSI Contributions,CC-310,Sales — Institutional,54499.6,
2025-06,6020,GOSI Contributions,CC-320,Sales — Retail channels,46713.94,
2025-06,6020,GOSI Contributions,CC-410,Finance Shared Services,23356.97,
2025-06,6100,Rent Expense,CC-000,UNALLOCATED,116214.65,
2025-06,6100,Rent Expense,CC-100,HQ & Admin (Olaya),676369.25,
2025-06,6100,Rent Expense,CC-210,Riyadh North DC,1127282.09,
2025-06,6100,Rent Expense,CC-220,Riyadh South DC,976977.82,
2025-06,6100,Rent Expense,CC-230,Qassim WH,526064.98,
2025-06,6100,Rent Expense,CC-240,Hail WH,450912.84,
2025-06,6110,Utilities,CC-000,UNALLOCATED,114451.94,
2025-06,6110,Utilities,CC-100,HQ & Admin (Olaya),370061.27,
2025-06,6110,Utilities,CC-210,Riyadh North DC,888147.05,
2025-06,6110,Utilities,CC-220,Riyadh South DC,740122.54,
2025-06,6110,Utilities,CC-230,Qassim WH,1110183.81,
2025-06,6110,Utilities,CC-240,Hail WH,592098.03,
2025-06,6200,Marketing & Advertising,CC-000,UNALLOCATED,252.0,
2025-06,6200,Marketing & Advertising,CC-100,HQ & Admin (Olaya),1222.2,
2025-06,6200,Marketing & Advertising,CC-310,Sales — Institutional,2037.0,
2025-06,6200,Marketing & Advertising,CC-320,Sales — Retail channels,4888.8,
2025-06,6220,Professional Fees,CC-000,UNALLOCATED,7874.4,
2025-06,6220,Professional Fees,CC-100,HQ & Admin (Olaya),38190.83,
2025-06,6220,Professional Fees,CC-310,Sales — Institutional,63651.38,
2025-06,6220,Professional Fees,CC-320,Sales — Retail channels,152763.32,
2025-06,6300,Logistics – 3PL,,,434609.21,
2025-06,6300,Logistics – 3PL,CC-000,UNALLOCATED,96010.87,
2025-06,6300,Logistics – 3PL,CC-210,Riyadh North DC,1241740.62,
2025-06,6300,Logistics – 3PL,CC-220,Riyadh South DC,869218.43,
2025-06,6300,Logistics – 3PL,CC-230,Qassim WH,558783.28,
2025-06,6500,Depreciation Expense,CC-000,UNALLOCATED,14400.0,
2025-06,6500,Depreciation Expense,CC-100,HQ & Admin (Olaya),325920.0,
2025-06,6500,Depreciation Expense,CC-410,Finance Shared Services,139680.0,
2025-06,6700,Insurance Expense,CC-000,UNALLOCATED,5100.0,
2025-06,6700,Insurance Expense,CC-100,HQ & Admin (Olaya),115430.0,
2025-06,6700,Insurance Expense,CC-410,Finance Shared Services,49470.0,
2025-07,5000,COGS – Food,CC-000,UNALLOCATED,59824.78,
2025-07,5000,COGS – Food,CC-210,Riyadh North DC,735047.08,
2025-07,5000,COGS – Food,CC-220,Riyadh South DC,580300.33,
2025-07,5000,COGS – Food,CC-230,Qassim WH,348180.2,
2025-07,5000,COGS – Food,CC-240,Hail WH,270806.81,
2025-07,5010,COGS – Beverages,CC-000,UNALLOCATED,102160.66,
2025-07,5010,COGS – Beverages,CC-210,Riyadh North DC,1255213.96,
2025-07,5010,COGS – Beverages,CC-220,Riyadh South DC,990958.39,
2025-07,5010,COGS – Beverages,CC-230,Qassim WH,594575.03,
2025-07,5010,COGS – Beverages,CC-240,Hail WH,462447.24,
2025-07,5020,COGS – Household,CC-000,UNALLOCATED,96108.68,
2025-07,5020,COGS – Household,CC-210,Riyadh North DC,1180855.34,
2025-07,5020,COGS – Household,CC-220,Riyadh South DC,932254.22,
2025-07,5020,COGS – Household,CC-230,Qassim WH,559352.53,
2025-07,5020,COGS – Household,CC-240,Hail WH,435051.97,
2025-07,5030,COGS – Cosmetics,CC-000,UNALLOCATED,89456.51,
2025-07,5030,COGS – Cosmetics,CC-210,Riyadh North DC,1099122.34,
2025-07,5030,COGS – Cosmetics,CC-220,Riyadh South DC,867728.17,
2025-07,5030,COGS – Cosmetics,CC-230,Qassim WH,520636.9,
2025-07,5030,COGS – Cosmetics,CC-240,Hail WH,404939.81,
2025-07,5100,Freight Inwards,CC-000,UNALLOCATED,1428.45,
2025-07,5100,Freight Inwards,CC-210,Riyadh North DC,17550.92,
2025-07,5100,Freight Inwards,CC-220,Riyadh South DC,13855.99,
2025-07,5100,Freight Inwards,CC-230,Qassim WH,8313.59,
2025-07,5100,Freight Inwards,CC-240,Hail WH,6466.14,
2025-07,6000,Salaries & Wages,,,370714.04,
2025-07,6000,Salaries & Wages,CC-000,UNALLOCATED,114653.83,
2025-07,6000,Salaries & Wages,CC-210,Riyadh North DC,815570.89,
2025-07,6000,Salaries & Wages,CC-220,Riyadh South DC,667285.27,
2025-07,6000,Salaries & Wages,CC-230,Qassim WH,370714.04,
2025-07,6000,Salaries & Wages,CC-240,Hail WH,296571.23,
2025-07,6000,Salaries & Wages,CC-310,Sales — Institutional,518999.66,
2025-07,6000,Salaries & Wages,CC-320,Sales — Retail channels,444856.85,
2025-07,6000,Salaries & Wages,CC-410,Finance Shared Services,222428.41,
2025-07,6020,GOSI Contributions,,,83188.23,
2025-07,6020,GOSI Contributions,,,45375.4,
2025-07,6020,GOSI Contributions,CC-000,UNALLOCATED,11694.69,
2025-07,6020,GOSI Contributions,CC-100,HQ & Admin (Olaya),37812.83,
2025-07,6020,GOSI Contributions,CC-220,Riyadh South DC,68063.1,
2025-07,6020,GOSI Contributions,CC-230,Qassim WH,37812.83,
2025-07,6020,GOSI Contributions,CC-240,Hail WH,30250.27,
2025-07,6020,GOSI Contributions,CC-310,Sales — Institutional,52937.96,
2025-07,6020,GOSI Contributions,CC-410,Finance Shared Services,22687.7,
2025-07,6100,Rent Expense,CC-000,UNALLOCATED,103393.14,
2025-07,6100,Rent Expense,CC-100,HQ & Admin (Olaya),601748.05,
2025-07,6100,Rent Expense,CC-210,Riyadh North DC,1002913.44,
2025-07,6100,Rent Expense,CC-220,Riyadh South DC,869191.65,
2025-07,6100,Rent Expense,CC-230,Qassim WH,468026.27,
2025-07,6100,Rent Expense,CC-240,Hail WH,401165.38,
2025-07,6110,Utilities,CC-000,UNALLOCATED,112994.5,
2025-07,6110,Utilities,CC-100,HQ & Admin (Olaya),365348.87,
2025-07,6110,Utilities,CC-210,Riyadh North DC,876837.29,
2025-07,6110,Utilities,CC-220,Riyadh South DC,730697.74,
2025-07,6110,Utilities,CC-230,Qassim WH,1096046.62,
2025-07,6110,Utilities,CC-240,Hail WH,584558.2,
2025-07,6200,Marketing & Advertising,CC-000,UNALLOCATED,6868.61,
2025-07,6200,Marketing & Advertising,CC-100,HQ & Admin (Olaya),33312.78,
2025-07,6200,Marketing & Advertising,CC-310,Sales — Institutional,55521.29,
2025-07,6200,Marketing & Advertising,CC-320,Sales — Retail channels,133251.11,
2025-07,6220,Professional Fees,CC-000,UNALLOCATED,7818.73,
2025-07,6220,Professional Fees,CC-100,HQ & Admin (Olaya),37920.87,
2025-07,6220,Professional Fees,CC-310,Sales — Institutional,63201.44,
2025-07,6220,Professional Fees,CC-320,Sales — Retail channels,151683.45,
2025-07,6300,Logistics – 3PL,CC-000,UNALLOCATED,97205.42,
2025-07,6300,Logistics – 3PL,CC-210,Riyadh North DC,1257190.12,
2025-07,6300,Logistics – 3PL,CC-220,Riyadh South DC,880033.08,
2025-07,6300,Logistics – 3PL,CC-230,Qassim WH,565735.55,
2025-07,6300,Logistics – 3PL,CC-240,Hail WH,440016.54,
2025-07,6500,Depreciation Expense,CC-000,UNALLOCATED,14400.0,
2025-07,6500,Depreciation Expense,CC-100,HQ & Admin (Olaya),325920.0,
2025-07,6500,Depreciation Expense,CC-410,Finance Shared Services,139680.0,
2025-08,5000,COGS – Food,CC-000,UNALLOCATED,83538.82,
2025-08,5000,COGS – Food,CC-210,Riyadh North DC,1026413.64,
2025-08,5000,COGS – Food,CC-220,Riyadh South DC,810326.56,
2025-08,5000,COGS – Food,CC-230,Qassim WH,486195.94,
2025-08,5000,COGS – Food,CC-240,Hail WH,378152.4,
2025-08,5010,COGS – Beverages,CC-000,UNALLOCATED,68747.26,
2025-08,5010,COGS – Beverages,CC-210,Riyadh North DC,844674.62,
2025-08,5010,COGS – Beverages,CC-220,Riyadh South DC,666848.38,
2025-08,5010,COGS – Beverages,CC-230,Qassim WH,400109.03,
2025-08,5010,COGS – Beverages,CC-240,Hail WH,311195.9,
2025-08,5020,COGS – Household,CC-000,UNALLOCATED,106451.78,
2025-08,5020,COGS – Household,CC-210,Riyadh North DC,1307937.56,
2025-08,5020,COGS – Household,CC-220,Riyadh South DC,1032582.29,
2025-08,5020,COGS – Household,CC-230,Qassim WH,619549.37,
2025-08,5020,COGS – Household,CC-240,Hail WH,481871.74,
2025-08,5030,COGS – Cosmetics,CC-000,UNALLOCATED,87580.59,
2025-08,5030,COGS – Cosmetics,CC-210,Riyadh North DC,1076073.53,
2025-08,5030,COGS – Cosmetics,CC-220,Riyadh South DC,849531.73,
2025-08,5030,COGS – Cosmetics,CC-230,Qassim WH,509719.04,
2025-08,5030,COGS – Cosmetics,CC-240,Hail WH,396448.14,
2025-08,5100,Freight Inwards,CC-000,UNALLOCATED,1706.42,
2025-08,5100,Freight Inwards,CC-210,Riyadh North DC,20966.21,
2025-08,5100,Freight Inwards,CC-220,Riyadh South DC,16552.27,
2025-08,5100,Freight Inwards,CC-230,Qassim WH,9931.36,
2025-08,5100,Freight Inwards,CC-240,Hail WH,7724.39,
2025-08,6000,Salaries & Wages,CC-000,UNALLOCATED,114977.76,
2025-08,6000,Salaries & Wages,CC-100,HQ & Admin (Olaya),371761.43,
2025-08,6000,Salaries & Wages,CC-210,Riyadh North DC,817875.15,
2025-08,6000,Salaries & Wages,CC-220,Riyadh South DC,669170.58,
2025-08,6000,Salaries & Wages,CC-230,Qassim WH,371761.43,
2025-08,6000,Salaries & Wages,CC-240,Hail WH,297409.15,
2025-08,6000,Salaries & Wages,CC-310,Sales — Institutional,520466.01,
2025-08,6000,Salaries & Wages,CC-320,Sales — Retail channels,446113.72,
2025-08,6000,Salaries & Wages,CC-410,Finance Shared Services,223056.87,
2025-08,6020,GOSI Contributions,CC-000,UNALLOCATED,11727.73,
2025-08,6020,GOSI Contributions,CC-100,HQ & Admin (Olaya),37919.67,
2025-08,6020,GOSI Contributions,CC-210,Riyadh North DC,83423.26,
2025-08,6020,GOSI Contributions,CC-220,Riyadh South DC,68255.4,
2025-08,6020,GOSI Contributions,CC-230,Qassim WH,37919.67,
2025-08,6020,GOSI Contributions,CC-240,Hail WH,30335.73,
2025-08,6020,GOSI Contributions,CC-310,Sales — Institutional,53087.53,
2025-08,6020,GOSI Contributions,CC-320,Sales — Retail channels,45503.6,
2025-08,6020,GOSI Contributions,CC-410,Finance Shared Services,22751.8,
2025-08,6100,Rent Expense,CC-000,UNALLOCATED,99943.35,
2025-08,6100,Rent Expense,CC-100,HQ & Admin (Olaya),581670.31,
2025-08,6100,Rent Expense,CC-210,Riyadh North DC,969450.52,
2025-08,6100,Rent Expense,CC-220,Riyadh South DC,840190.45,
2025-08,6100,Rent Expense,CC-230,Qassim WH,452410.24,
2025-08,6100,Rent Expense,CC-240,Hail WH,387780.21,
2025-08,6110,Utilities,CC-000,UNALLOCATED,112624.89,
2025-08,6110,Utilities,CC-100,HQ & Admin (Olaya),364153.81,
2025-08,6110,Utilities,CC-210,Riyadh North DC,873969.16,
2025-08,6110,Utilities,CC-220,Riyadh South DC,728307.63,
2025-08,6110,Utilities,CC-230,Qassim WH,1092461.45,
2025-08,6110,Utilities,CC-240,Hail WH,582646.11,
2025-08,6200,Marketing & Advertising,CC-000,UNALLOCATED,2003.19,
2025-08,6200,Marketing & Advertising,CC-100,HQ & Admin (Olaya),9715.45,
2025-08,6200,Marketing & Advertising,CC-310,Sales — Institutional,16192.44,
2025-08,6200,Marketing & Advertising,CC-320,Sales — Retail channels,38861.85,
2025-08,6220,Professional Fees,CC-000,UNALLOCATED,7897.5,
2025-08,6220,Professional Fees,CC-100,HQ & Admin (Olaya),38302.87,
2025-08,6220,Professional Fees,CC-310,Sales — Institutional,63838.13,
2025-08,6220,Professional Fees,CC-320,Sales — Retail channels,153211.51,
2025-08,6300,Logistics – 3PL,CC-000,UNALLOCATED,96892.71,
2025-08,6300,Logistics – 3PL,CC-210,Riyadh North DC,1253145.7,
2025-08,6300,Logistics – 3PL,CC-220,Riyadh South DC,877201.99,
2025-08,6300,Logistics – 3PL,CC-230,Qassim WH,563915.57,
2025-08,6300,Logistics – 3PL,CC-240,Hail WH,438600.99,
2025-08,6500,Depreciation Expense,CC-000,UNALLOCATED,14400.0,
2025-08,6500,Depreciation Expense,CC-100,HQ & Admin (Olaya),325920.0,
2025-08,6500,Depreciation Expense,CC-410,Finance Shared Services,139680.0,
2025-09,5000,COGS – Food,CC-000,UNALLOCATED,128624.69,
2025-09,5000,COGS – Food,CC-210,Riyadh North DC,1580368.68,
2025-09,5000,COGS – Food,CC-220,Riyadh South DC,1247659.49,
2025-09,5000,COGS – Food,CC-230,Qassim WH,748595.69,
2025-09,5000,COGS – Food,CC-240,Hail WH,582241.1,
2025-09,5010,COGS – Beverages,CC-000,UNALLOCATED,105296.41,
2025-09,5010,COGS – Beverages,CC-210,Riyadh North DC,1293741.85,
2025-09,5010,COGS – Beverages,CC-220,Riyadh South DC,1021375.14,
2025-09,5010,COGS – Beverages,CC-230,Qassim WH,612825.09,
2025-09,5010,COGS – Beverages,CC-240,Hail WH,476641.73,
2025-09,5020,COGS – Household,CC-000,UNALLOCATED,97785.77,
2025-09,5020,COGS – Household,CC-210,Riyadh North DC,1201461.22,
2025-09,5020,COGS – Household,CC-220,Riyadh South DC,948522.02,
2025-09,5020,COGS – Household,CC-230,Qassim WH,569113.21,
2025-09,5020,COGS – Household,CC-240,Hail WH,442643.61,
2025-09,5030,COGS – Cosmetics,CC-000,UNALLOCATED,87075.46,
2025-09,5030,COGS – Cosmetics,CC-210,Riyadh North DC,1069867.21,
2025-09,5030,COGS – Cosmetics,CC-220,Riyadh South DC,844632.0,
2025-09,5030,COGS – Cosmetics,CC-230,Qassim WH,506779.2,
2025-09,5030,COGS – Cosmetics,CC-240,Hail WH,394161.61,
2025-09,5100,Freight Inwards,CC-000,UNALLOCATED,1672.62,
2025-09,5100,Freight Inwards,CC-210,Riyadh North DC,20550.98,
2025-09,5100,Freight Inwards,CC-220,Riyadh South DC,16224.46,
2025-09,5100,Freight Inwards,CC-230,Qassim WH,9734.68,
2025-09,5100,Freight Inwards,CC-240,Hail WH,7571.42,
2025-09,6000,Salaries & Wages,CC-000,UNALLOCATED,114929.55,
2025-09,6000,Salaries & Wages,CC-100,HQ & Admin (Olaya),371605.54,
2025-09,6000,Salaries & Wages,CC-210,Riyadh North DC,817532.18,
2025-09,6000,Salaries & Wages,CC-220,Riyadh South DC,668889.97,
2025-09,6000,Salaries & Wages,CC-230,Qassim WH,371605.54,
2025-09,6000,Salaries & Wages,CC-240,Hail WH,297284.43,
2025-09,6000,Salaries & Wages,CC-310,Sales — Institutional,520247.75,
2025-09,6000,Salaries & Wages,CC-320,Sales — Retail channels,445926.65,
2025-09,6000,Salaries & Wages,CC-410,Finance Shared Services,222963.32,
2025-09,6020,GOSI Contributions,CC-000,UNALLOCATED,11722.81,
2025-09,6020,GOSI Contributions,CC-100,HQ & Admin (Olaya),37903.76,
2025-09,6020,GOSI Contributions,CC-210,Riyadh North DC,83388.28,
2025-09,6020,GOSI Contributions,CC-220,Riyadh South DC,68226.78,
2025-09,6020,GOSI Contributions,CC-230,Qassim WH,37903.76,
2025-09,6020,GOSI Contributions,CC-240,Hail WH,30323.01,
2025-09,6020,GOSI Contributions,CC-310,Sales — Institutional,53065.27,
2025-09,6020,GOSI Contributions,CC-320,Sales — Retail channels,45484.52,
2025-09,6020,GOSI Contributions,CC-410,Finance Shared Services,22742.27,
2025-09,6100,Rent Expense,CC-000,UNALLOCATED,96383.96,
2025-09,6100,Rent Expense,CC-100,HQ & Admin (Olaya),560954.64,
2025-09,6100,Rent Expense,CC-210,Riyadh North DC,934924.4,
2025-09,6100,Rent Expense,CC-220,Riyadh South DC,810267.82,
2025-09,6100,Rent Expense,CC-230,Qassim WH,436298.06,
2025-09,6100,Rent Expense,CC-240,Hail WH,373969.76,
2025-09,6110,Utilities,CC-000,UNALLOCATED,90049.64,
2025-09,6110,Utilities,CC-100,HQ & Admin (Olaya),291160.51,
2025-09,6110,Utilities,CC-210,Riyadh North DC,698785.2,
2025-09,6110,Utilities,CC-220,Riyadh South DC,582321.0,
2025-09,6110,Utilities,CC-230,Qassim WH,873481.5,
2025-09,6110,Utilities,CC-240,Hail WH,465856.8,
2025-09,6200,Marketing & Advertising,CC-000,UNALLOCATED,4876.12,
2025-09,6200,Marketing & Advertising,CC-100,HQ & Admin (Olaya),23649.2,
2025-09,6200,Marketing & Advertising,CC-310,Sales — Institutional,39415.33,
2025-09,6200,Marketing & Advertising,CC-320,Sales — Retail channels,94596.79,
2025-09,6220,Professional Fees,CC-000,UNALLOCATED,13886.42,
2025-09,6220,Professional Fees,CC-100,HQ & Admin (Olaya),67349.14,
2025-09,6220,Professional Fees,CC-310,Sales — Institutional,112248.56,
2025-09,6220,Professional Fees,CC-320,Sales — Retail channels,269396.55,
2025-09,6300,Logistics – 3PL,CC-000,UNALLOCATED,97935.73,
2025-09,6300,Logistics – 3PL,CC-210,Riyadh North DC,1266635.39,
2025-09,6300,Logistics – 3PL,CC-220,Riyadh South DC,886644.77,
2025-09,6300,Logistics – 3PL,CC-230,Qassim WH,569985.92,
2025-09,6300,Logistics – 3PL,CC-240,Hail WH,443322.38,
2025-09,6500,Depreciation Expense,CC-000,UNALLOCATED,14400.0,
2025-09,6500,Depreciation Expense,CC-100,HQ & Admin (Olaya),325920.0,
2025-09,6500,Depreciation Expense,CC-410,Finance Shared Services,139680.0,
2025-09,6700,Insurance Expense,CC-000,UNALLOCATED,5100.0,
2025-09,6700,Insurance Expense,CC-100,HQ & Admin (Olaya),115430.0,
2025-09,6700,Insurance Expense,CC-410,Finance Shared Services,49470.0,
2025-10,5000,COGS – Food,CC-000,UNALLOCATED,94595.22,
2025-10,5000,COGS – Food,CC-210,Riyadh North DC,1162259.9,
2025-10,5000,COGS – Food,CC-220,Riyadh South DC,917573.6,
2025-10,5000,COGS – Food,CC-230,Qassim WH,550544.16,
2025-10,5000,COGS – Food,CC-240,Hail WH,428201.01,
2025-10,5010,COGS – Beverages,CC-000,UNALLOCATED,129118.83,
2025-10,5010,COGS – Beverages,CC-210,Riyadh North DC,1586440.02,
2025-10,5010,COGS – Beverages,CC-220,Riyadh South DC,1252452.65,
2025-10,5010,COGS – Beverages,CC-230,Qassim WH,751471.59,
2025-10,5010,COGS – Beverages,CC-240,Hail WH,584477.89,
2025-10,5020,COGS – Household,CC-000,UNALLOCATED,77311.33,
2025-10,5020,COGS – Household,CC-210,Riyadh North DC,949898.59,
2025-10,5020,COGS – Household,CC-220,Riyadh South DC,749919.94,
2025-10,5020,COGS – Household,CC-230,Qassim WH,449951.96,
2025-10,5020,COGS – Household,CC-240,Hail WH,349962.65,
2025-10,5030,COGS – Cosmetics,CC-000,UNALLOCATED,121516.56,
2025-10,5030,COGS – Cosmetics,CC-210,Riyadh North DC,1493033.45,
2025-10,5030,COGS – Cosmetics,CC-220,Riyadh South DC,1178710.61,
2025-10,5030,COGS – Cosmetics,CC-230,Qassim WH,707226.37,
2025-10,5030,COGS – Cosmetics,CC-240,Hail WH,550064.95,
2025-10,6000,Salaries & Wages,CC-000,UNALLOCATED,114006.51,
2025-10,6000,Salaries & Wages,CC-100,HQ & Admin (Olaya),368621.04,
2025-10,6000,Salaries & Wages,CC-210,Riyadh North DC,810966.28,
2025-10,6000,Salaries & Wages,CC-220,Riyadh South DC,663517.87,
2025-10,6000,Salaries & Wages,CC-230,Qassim WH,368621.04,
2025-10,6000,Salaries & Wages,CC-240,Hail WH,294896.83,
2025-10,6000,Salaries & Wages,CC-310,Sales — Institutional,516069.45,
2025-10,6000,Salaries & Wages,CC-320,Sales — Retail channels,442345.25,
2025-10,6000,Salaries & Wages,CC-410,Finance Shared Services,221172.62,
2025-10,6020,GOSI Contributions,CC-000,UNALLOCATED,11628.66,
2025-10,6020,GOSI Contributions,CC-100,HQ & Admin (Olaya),37599.35,
2025-10,6020,GOSI Contributions,CC-210,Riyadh North DC,82718.56,
2025-10,6020,GOSI Contributions,CC-220,Riyadh South DC,67678.82,
2025-10,6020,GOSI Contributions,CC-230,Qassim WH,37599.35,
2025-10,6020,GOSI Contributions,CC-240,Hail WH,30079.48,
2025-10,6020,GOSI Contributions,CC-310,Sales — Institutional,52639.08,
2025-10,6020,GOSI Contributions,CC-320,Sales — Retail channels,45119.21,
2025-10,6020,GOSI Contributions,CC-410,Finance Shared Services,22559.61,
2025-10,6100,Rent Expense,CC-000,UNALLOCATED,106181.62,
2025-10,6100,Rent Expense,CC-100,HQ & Admin (Olaya),617977.03,
2025-10,6100,Rent Expense,CC-210,Riyadh North DC,1029961.7,
2025-10,6100,Rent Expense,CC-220,Riyadh South DC,892633.47,
2025-10,6100,Rent Expense,CC-230,Qassim WH,480648.79,
2025-10,6100,Rent Expense,CC-240,Hail WH,411984.68,
2025-10,6110,Utilities,CC-000,UNALLOCATED,91325.39,
2025-10,6110,Utilities,CC-100,HQ & Admin (Olaya),295285.42,
2025-10,6110,Utilities,CC-210,Riyadh North DC,708685.02,
2025-10,6110,Utilities,CC-220,Riyadh South DC,590570.85,
2025-10,6110,Utilities,CC-230,Qassim WH,885856.27,
2025-10,6110,Utilities,CC-240,Hail WH,472456.68,
2025-10,6200,Marketing & Advertising,CC-000,UNALLOCATED,2708.34,
2025-10,6200,Marketing & Advertising,CC-100,HQ & Admin (Olaya),13135.44,
2025-10,6200,Marketing & Advertising,CC-310,Sales — Institutional,21892.41,
2025-10,6200,Marketing & Advertising,CC-320,Sales — Retail channels,52541.77,
2025-10,6220,Professional Fees,CC-000,UNALLOCATED,15853.41,
2025-10,6220,Professional Fees,CC-100,HQ & Admin (Olaya),76889.06,
2025-10,6220,Professional Fees,CC-310,Sales — Institutional,128148.42,
2025-10,6220,Professional Fees,CC-320,Sales — Retail channels,307556.21,
2025-10,6300,Logistics – 3PL,,,609870.47,
2025-10,6300,Logistics – 3PL,CC-000,UNALLOCATED,67364.19,
2025-10,6300,Logistics – 3PL,CC-210,Riyadh North DC,871243.53,
2025-10,6300,Logistics – 3PL,CC-230,Qassim WH,392059.59,
2025-10,6300,Logistics – 3PL,CC-240,Hail WH,304935.23,
2025-10,6500,Depreciation Expense,CC-000,UNALLOCATED,14400.0,
2025-10,6500,Depreciation Expense,CC-100,HQ & Admin (Olaya),325920.0,
2025-10,6500,Depreciation Expense,CC-410,Finance Shared Services,139680.0,
2025-11,5000,COGS – Food,CC-000,UNALLOCATED,113320.55,
2025-11,5000,COGS – Food,CC-210,Riyadh North DC,1392331.88,
2025-11,5000,COGS – Food,CC-220,Riyadh South DC,1099209.38,
2025-11,5000,COGS – Food,CC-230,Qassim WH,659525.63,
2025-11,5000,COGS – Food,CC-240,Hail WH,512964.38,
2025-11,5010,COGS – Beverages,CC-000,UNALLOCATED,77466.63,
2025-11,5010,COGS – Beverages,CC-210,Riyadh North DC,951806.68,
2025-11,5010,COGS – Beverages,CC-220,Riyadh South DC,751426.33,
2025-11,5010,COGS – Beverages,CC-230,Qassim WH,450855.8,
2025-11,5010,COGS – Beverages,CC-240,Hail WH,350665.62,
2025-11,5020,COGS – Household,CC-000,UNALLOCATED,132243.57,
2025-11,5020,COGS – Household,CC-210,Riyadh North DC,1624832.61,
2025-11,5020,COGS – Household,CC-220,Riyadh South DC,1282762.59,
2025-11,5020,COGS – Household,CC-230,Qassim WH,769657.55,
2025-11,5020,COGS – Household,CC-240,Hail WH,598622.53,
2025-11,5030,COGS – Cosmetics,CC-000,UNALLOCATED,86578.58,
2025-11,5030,COGS – Cosmetics,CC-210,Riyadh North DC,1063762.17,
2025-11,5030,COGS – Cosmetics,CC-220,Riyadh South DC,839812.24,
2025-11,5030,COGS – Cosmetics,CC-230,Qassim WH,503887.34,
2025-11,5030,COGS – Cosmetics,CC-240,Hail WH,391912.38,
2025-11,5100,Freight Inwards,CC-000,UNALLOCATED,1462.53,
2025-11,5100,Freight Inwards,CC-210,Riyadh North DC,17969.59,
2025-11,5100,Freight Inwards,CC-220,Riyadh South DC,14186.51,
2025-11,5100,Freight Inwards,CC-230,Qassim WH,8511.91,
2025-11,5100,Freight Inwards,CC-240,Hail WH,6620.37,
2025-11,6000,Salaries & Wages,CC-000,UNALLOCATED,116906.74,
2025-11,6000,Salaries & Wages,CC-100,HQ & Admin (Olaya),377998.46,
2025-11,6000,Salaries & Wages,CC-210,Riyadh North DC,831596.62,
2025-11,6000,Salaries & Wages,CC-220,Riyadh South DC,680397.23,
2025-11,6000,Salaries & Wages,CC-230,Qassim WH,377998.46,
2025-11,6000,Salaries & Wages,CC-240,Hail WH,302398.77,
2025-11,6000,Salaries & Wages,CC-310,Sales — Institutional,529197.85,
2025-11,6000,Salaries & Wages,CC-320,Sales — Retail channels,453598.15,
2025-11,6000,Salaries & Wages,CC-410,Finance Shared Services,226799.08,
2025-11,6020,GOSI Contributions,CC-000,UNALLOCATED,11924.49,
2025-11,6020,GOSI Contributions,CC-100,HQ & Admin (Olaya),38555.84,
2025-11,6020,GOSI Contributions,CC-210,Riyadh North DC,84822.86,
2025-11,6020,GOSI Contributions,CC-220,Riyadh South DC,69400.52,
2025-11,6020,GOSI Contributions,CC-230,Qassim WH,38555.84,
2025-11,6020,GOSI Contributions,CC-240,Hail WH,30844.67,
2025-11,6020,GOSI Contributions,CC-310,Sales — Institutional,53978.18,
2025-11,6020,GOSI Contributions,CC-320,Sales — Retail channels,46267.01,
2025-11,6020,GOSI Contributions,CC-410,Finance Shared Services,23133.51,
2025-11,6100,Rent Expense,CC-000,UNALLOCATED,106148.67,
2025-11,6100,Rent Expense,CC-100,HQ & Admin (Olaya),617785.22,
2025-11,6100,Rent Expense,CC-210,Riyadh North DC,1029642.06,
2025-11,6100,Rent Expense,CC-220,Riyadh South DC,892356.45,
2025-11,6100,Rent Expense,CC-230,Qassim WH,480499.63,
2025-11,6100,Rent Expense,CC-240,Hail WH,411856.82,
2025-11,6110,Utilities,CC-000,UNALLOCATED,84446.97,
2025-11,6110,Utilities,CC-100,HQ & Admin (Olaya),273045.2,
2025-11,6110,Utilities,CC-210,Riyadh North DC,655308.47,
2025-11,6110,Utilities,CC-220,Riyadh South DC,546090.39,
2025-11,6110,Utilities,CC-230,Qassim WH,819135.59,
2025-11,6110,Utilities,CC-240,Hail WH,436872.32,
2025-11,6200,Marketing & Advertising,CC-000,UNALLOCATED,1616.23,
2025-11,6200,Marketing & Advertising,CC-100,HQ & Admin (Olaya),7838.7,
2025-11,6200,Marketing & Advertising,CC-310,Sales — Institutional,13064.5,
2025-11,6200,Marketing & Advertising,CC-320,Sales — Retail channels,31354.8,
2025-11,6220,Professional Fees,CC-000,UNALLOCATED,12175.73,
2025-11,6220,Professional Fees,CC-100,HQ & Admin (Olaya),59052.3,
2025-11,6220,Professional Fees,CC-310,Sales — Institutional,98420.49,
2025-11,6220,Professional Fees,CC-320,Sales — Retail channels,236209.18,
2025-11,6300,Logistics – 3PL,CC-000,UNALLOCATED,112974.23,
2025-11,6300,Logistics – 3PL,CC-210,Riyadh North DC,1461133.41,
2025-11,6300,Logistics – 3PL,CC-220,Riyadh South DC,1022793.38,
2025-11,6300,Logistics – 3PL,CC-230,Qassim WH,657510.03,
2025-11,6300,Logistics – 3PL,CC-240,Hail WH,511396.7,
2025-11,6500,Depreciation Expense,CC-000,UNALLOCATED,14400.0,
2025-11,6500,Depreciation Expense,CC-100,HQ & Admin (Olaya),325920.0,
2025-11,6500,Depreciation Expense,CC-410,Finance Shared Services,139680.0,
2025-12,5000,COGS – Food,CC-000,UNALLOCATED,112808.93,
2025-12,5000,COGS – Food,CC-210,Riyadh North DC,1386045.75,
2025-12,5000,COGS – Food,CC-220,Riyadh South DC,1094246.65,
2025-12,5000,COGS – Food,CC-230,Qassim WH,656547.99,
2025-12,5000,COGS – Food,CC-240,Hail WH,510648.44,
2025-12,5010,COGS – Beverages,CC-000,UNALLOCATED,87511.8,
2025-12,5010,COGS – Beverages,CC-210,Riyadh North DC,1075228.32,
2025-12,5010,COGS – Beverages,CC-220,Riyadh South DC,848864.47,
2025-12,5010,COGS – Beverages,CC-230,Qassim WH,509318.68,
2025-12,5010,COGS – Beverages,CC-240,Hail WH,396136.75,
2025-12,5020,COGS – Household,,,381700.26,
2025-12,5020,COGS – Household,CC-000,UNALLOCATED,84322.59,
2025-12,5020,COGS – Household,CC-210,Riyadh North DC,1036043.54,
2025-12,5020,COGS – Household,CC-220,Riyadh South DC,817929.11,
2025-12,5020,COGS – Household,CC-230,Qassim WH,490757.47,
2025-12,5030,COGS – Cosmetics,CC-000,UNALLOCATED,133473.07,
2025-12,5030,COGS – Cosmetics,CC-210,Riyadh North DC,1639939.18,
2025-12,5030,COGS – Cosmetics,CC-220,Riyadh South DC,1294688.82,
2025-12,5030,COGS – Cosmetics,CC-230,Qassim WH,776813.29,
2025-12,5030,COGS – Cosmetics,CC-240,Hail WH,604188.13,
2025-12,5100,Freight Inwards,CC-000,UNALLOCATED,1358.96,
2025-12,5100,Freight Inwards,CC-210,Riyadh North DC,16697.1,
2025-12,5100,Freight Inwards,CC-220,Riyadh South DC,13181.92,
2025-12,5100,Freight Inwards,CC-230,Qassim WH,7909.15,
2025-12,5100,Freight Inwards,CC-240,Hail WH,6151.56,
2025-12,6000,Salaries & Wages,CC-000,UNALLOCATED,117570.78,
2025-12,6000,Salaries & Wages,CC-100,HQ & Admin (Olaya),380145.52,
2025-12,6000,Salaries & Wages,CC-210,Riyadh North DC,836320.15,
2025-12,6000,Salaries & Wages,CC-220,Riyadh South DC,684261.94,
2025-12,6000,Salaries & Wages,CC-230,Qassim WH,380145.52,
2025-12,6000,Salaries & Wages,CC-240,Hail WH,304116.42,
2025-12,6000,Salaries & Wages,CC-310,Sales — Institutional,532203.73,
2025-12,6000,Salaries & Wages,CC-320,Sales — Retail channels,456174.63,
2025-12,6000,Salaries & Wages,CC-410,Finance Shared Services,228087.31,
2025-12,6020,GOSI Contributions,CC-000,UNALLOCATED,11992.22,
2025-12,6020,GOSI Contributions,CC-100,HQ & Admin (Olaya),38774.84,
2025-12,6020,GOSI Contributions,CC-210,Riyadh North DC,85304.65,
2025-12,6020,GOSI Contributions,CC-220,Riyadh South DC,69794.72,
2025-12,6020,GOSI Contributions,CC-230,Qassim WH,38774.84,
2025-12,6020,GOSI Contributions,CC-240,Hail WH,31019.87,
2025-12,6020,GOSI Contributions,CC-310,Sales — Institutional,54284.78,
2025-12,6020,GOSI Contributions,CC-320,Sales — Retail channels,46529.81,
2025-12,6020,GOSI Contributions,CC-410,Finance Shared Services,23264.92,
2025-12,6100,Rent Expense,CC-000,UNALLOCATED,107651.76,
2025-12,6100,Rent Expense,CC-100,HQ & Admin (Olaya),626533.25,
2025-12,6100,Rent Expense,CC-210,Riyadh North DC,1044222.09,
2025-12,6100,Rent Expense,CC-220,Riyadh South DC,904992.48,
2025-12,6100,Rent Expense,CC-230,Qassim WH,487303.64,
2025-12,6100,Rent Expense,CC-240,Hail WH,417688.83,
2025-12,6110,Utilities,CC-000,UNALLOCATED,93969.83,
2025-12,6110,Utilities,CC-100,HQ & Admin (Olaya),303835.79,
2025-12,6110,Utilities,CC-210,Riyadh North DC,729205.87,
2025-12,6110,Utilities,CC-220,Riyadh South DC,607671.56,
2025-12,6110,Utilities,CC-230,Qassim WH,911507.34,
2025-12,6110,Utilities,CC-240,Hail WH,486137.25,
2025-12,6200,Marketing & Advertising,CC-000,UNALLOCATED,1678.9,
2025-12,6200,Marketing & Advertising,CC-100,HQ & Admin (Olaya),8142.68,
2025-12,6200,Marketing & Advertising,CC-310,Sales — Institutional,13571.14,
2025-12,6200,Marketing & Advertising,CC-320,Sales — Retail channels,32570.73,
2025-12,6220,Professional Fees,CC-000,UNALLOCATED,1782.2,
2025-12,6220,Professional Fees,CC-100,HQ & Admin (Olaya),8643.69,
2025-12,6220,Professional Fees,CC-310,Sales — Institutional,14406.16,
2025-12,6220,Professional Fees,CC-320,Sales — Retail channels,34574.78,
2025-12,6300,Logistics – 3PL,CC-000,UNALLOCATED,92624.96,
2025-12,6300,Logistics – 3PL,CC-210,Riyadh North DC,1197949.52,
2025-12,6300,Logistics – 3PL,CC-220,Riyadh South DC,838564.66,
2025-12,6300,Logistics – 3PL,CC-230,Qassim WH,539077.28,
2025-12,6300,Logistics – 3PL,CC-240,Hail WH,419282.33,
2025-12,6500,Depreciation Expense,CC-000,UNALLOCATED,14400.0,
2025-12,6500,Depreciation Expense,CC-100,HQ & Admin (Olaya),325920.0,
2025-12,6500,Depreciation Expense,CC-410,Finance Shared Services,139680.0,
2025-12,6700,Insurance Expense,CC-000,UNALLOCATED,5100.0,
2025-12,6700,Insurance Expense,CC-100,HQ & Admin (Olaya),115430.0,
2025-12,6700,Insurance Expense,CC-410,Finance Shared Services,49470.0,
2026-01,5000,COGS – Food,CC-000,UNALLOCATED,117360.95,
2026-01,5000,COGS – Food,CC-210,Riyadh North DC,1441974.84,
2026-01,5000,COGS – Food,CC-220,Riyadh South DC,1138401.19,
2026-01,5000,COGS – Food,CC-230,Qassim WH,683040.72,
2026-01,5000,COGS – Food,CC-240,Hail WH,531253.89,
2026-01,5010,COGS – Beverages,CC-000,UNALLOCATED,158538.02,
2026-01,5010,COGS – Beverages,CC-210,Riyadh North DC,1947903.8,
2026-01,5010,COGS – Beverages,CC-220,Riyadh South DC,1537818.79,
2026-01,5010,COGS – Beverages,CC-230,Qassim WH,922691.27,
2026-01,5010,COGS – Beverages,CC-240,Hail WH,717648.76,
2026-01,5020,COGS – Household,CC-000,UNALLOCATED,154415.53,
2026-01,5020,COGS – Household,CC-210,Riyadh North DC,1897252.1,
2026-01,5020,COGS – Household,CC-220,Riyadh South DC,1497830.61,
2026-01,5020,COGS – Household,CC-230,Qassim WH,898698.36,
2026-01,5020,COGS – Household,CC-240,Hail WH,698987.62,
2026-01,5030,COGS – Cosmetics,,,612125.15,
2026-01,5030,COGS – Cosmetics,CC-000,UNALLOCATED,135226.47,
2026-01,5030,COGS – Cosmetics,CC-210,Riyadh North DC,1661482.56,
2026-01,5030,COGS – Cosmetics,CC-220,Riyadh South DC,1311696.76,
2026-01,5030,COGS – Cosmetics,CC-230,Qassim WH,787018.06,
2026-01,5100,Freight Inwards,CC-000,UNALLOCATED,1920.84,
2026-01,5100,Freight Inwards,CC-210,Riyadh North DC,23600.67,
2026-01,5100,Freight Inwards,CC-220,Riyadh South DC,18632.1,
2026-01,5100,Freight Inwards,CC-230,Qassim WH,11179.26,
2026-01,5100,Freight Inwards,CC-240,Hail WH,8694.98,
2026-01,6000,Salaries & Wages,CC-000,UNALLOCATED,123000.0,
2026-01,6000,Salaries & Wages,CC-100,HQ & Admin (Olaya),397700.0,
2026-01,6000,Salaries & Wages,CC-210,Riyadh North DC,874940.0,
2026-01,6000,Salaries & Wages,CC-220,Riyadh South DC,715860.0,
2026-01,6000,Salaries & Wages,CC-230,Qassim WH,397700.0,
2026-01,6000,Salaries & Wages,CC-240,Hail WH,318160.0,
2026-01,6000,Salaries & Wages,CC-310,Sales — Institutional,556780.0,
2026-01,6000,Salaries & Wages,CC-320,Sales — Retail channels,477240.0,
2026-01,6000,Salaries & Wages,CC-410,Finance Shared Services,238620.0,
2026-01,6020,GOSI Contributions,CC-000,UNALLOCATED,12300.0,
2026-01,6020,GOSI Contributions,CC-100,HQ & Admin (Olaya),39770.0,
2026-01,6020,GOSI Contributions,CC-210,Riyadh North DC,87494.0,
2026-01,6020,GOSI Contributions,CC-220,Riyadh South DC,71586.0,
2026-01,6020,GOSI Contributions,CC-230,Qassim WH,39770.0,
2026-01,6020,GOSI Contributions,CC-240,Hail WH,31816.0,
2026-01,6020,GOSI Contributions,CC-310,Sales — Institutional,55678.0,
2026-01,6020,GOSI Contributions,CC-320,Sales — Retail channels,47724.0,
2026-01,6020,GOSI Contributions,CC-410,Finance Shared Services,23862.0,
2026-01,6100,Rent Expense,CC-000,UNALLOCATED,165600.28,
2026-01,6100,Rent Expense,CC-100,HQ & Admin (Olaya),963793.63,
2026-01,6100,Rent Expense,CC-210,Riyadh North DC,1606322.7,
2026-01,6100,Rent Expense,CC-220,Riyadh South DC,1392146.34,
2026-01,6100,Rent Expense,CC-230,Qassim WH,749617.26,
2026-01,6100,Rent Expense,CC-240,Hail WH,642529.08,
2026-01,6110,Utilities,CC-000,UNALLOCATED,132712.91,
2026-01,6110,Utilities,CC-100,HQ & Admin (Olaya),429105.07,
2026-01,6110,Utilities,CC-210,Riyadh North DC,1029852.16,
2026-01,6110,Utilities,CC-220,Riyadh South DC,858210.14,
2026-01,6110,Utilities,CC-230,Qassim WH,1287315.2,
2026-01,6110,Utilities,CC-240,Hail WH,686568.11,
2026-01,6200,Marketing & Advertising,,,19327.25,
2026-01,6200,Marketing & Advertising,CC-000,UNALLOCATED,2391.0,
2026-01,6200,Marketing & Advertising,CC-100,HQ & Admin (Olaya),11596.35,
2026-01,6200,Marketing & Advertising,CC-320,Sales — Retail channels,46385.4,
2026-01,6300,Logistics – 3PL,CC-000,UNALLOCATED,188325.43,
2026-01,6300,Logistics – 3PL,CC-210,Riyadh North DC,2435675.54,
2026-01,6300,Logistics – 3PL,CC-220,Riyadh South DC,1704972.88,
2026-01,6300,Logistics – 3PL,CC-230,Qassim WH,1096053.99,
2026-01,6300,Logistics – 3PL,CC-240,Hail WH,852486.44,
2026-01,6310,Vehicle Fuel & Maintenance,CC-000,UNALLOCATED,1806.48,
2026-01,6310,Vehicle Fuel & Maintenance,CC-100,HQ & Admin (Olaya),40886.57,
2026-01,6310,Vehicle Fuel & Maintenance,CC-410,Finance Shared Services,17522.81,
2026-01,6500,Depreciation Expense,CC-000,UNALLOCATED,15600.0,
2026-01,6500,Depreciation Expense,CC-100,HQ & Admin (Olaya),353080.0,
2026-01,6500,Depreciation Expense,CC-410,Finance Shared Services,151320.0,
2026-02,5000,COGS – Food,CC-000,UNALLOCATED,106090.53,
2026-02,5000,COGS – Food,CC-210,Riyadh North DC,1303498.97,
2026-02,5000,COGS – Food,CC-220,Riyadh South DC,1029078.13,
2026-02,5000,COGS – Food,CC-230,Qassim WH,617446.88,
2026-02,5000,COGS – Food,CC-240,Hail WH,480236.46,
2026-02,5010,COGS – Beverages,CC-000,UNALLOCATED,120094.75,
2026-02,5010,COGS – Beverages,CC-210,Riyadh North DC,1475564.15,
2026-02,5010,COGS – Beverages,CC-220,Riyadh South DC,1164919.07,
2026-02,5010,COGS – Beverages,CC-230,Qassim WH,698951.44,
2026-02,5010,COGS – Beverages,CC-240,Hail WH,543628.89,
2026-02,5020,COGS – Household,,,1476432.85,
2026-02,5020,COGS – Household,CC-000,UNALLOCATED,152209.57,
2026-02,5020,COGS – Household,CC-210,Riyadh North DC,1870148.28,
2026-02,5020,COGS – Household,CC-230,Qassim WH,885859.71,
2026-02,5020,COGS – Household,CC-240,Hail WH,689002.0,
2026-02,5030,COGS – Cosmetics,CC-000,UNALLOCATED,125988.05,
2026-02,5030,COGS – Cosmetics,CC-210,Riyadh North DC,1547973.17,
2026-02,5030,COGS – Cosmetics,CC-220,Riyadh South DC,1222084.08,
2026-02,5030,COGS – Cosmetics,CC-230,Qassim WH,733250.45,
2026-02,5030,COGS – Cosmetics,CC-240,Hail WH,570305.9,
2026-02,6000,Salaries & Wages,CC-000,UNALLOCATED,123000.0,
2026-02,6000,Salaries & Wages,CC-100,HQ & Admin (Olaya),397700.0,
2026-02,6000,Salaries & Wages,CC-210,Riyadh North DC,874940.0,
2026-02,6000,Salaries & Wages,CC-220,Riyadh South DC,715860.0,
2026-02,6000,Salaries & Wages,CC-230,Qassim WH,397700.0,
2026-02,6000,Salaries & Wages,CC-240,Hail WH,318160.0,
2026-02,6000,Salaries & Wages,CC-310,Sales — Institutional,556780.0,
2026-02,6000,Salaries & Wages,CC-320,Sales — Retail channels,477240.0,
2026-02,6000,Salaries & Wages,CC-410,Finance Shared Services,238620.0,
2026-02,6020,GOSI Contributions,CC-000,UNALLOCATED,12300.0,
2026-02,6020,GOSI Contributions,CC-100,HQ & Admin (Olaya),39770.0,
2026-02,6020,GOSI Contributions,CC-210,Riyadh North DC,87494.0,
2026-02,6020,GOSI Contributions,CC-220,Riyadh South DC,71586.0,
2026-02,6020,GOSI Contributions,CC-230,Qassim WH,39770.0,
2026-02,6020,GOSI Contributions,CC-240,Hail WH,31816.0,
2026-02,6020,GOSI Contributions,CC-310,Sales — Institutional,55678.0,
2026-02,6020,GOSI Contributions,CC-320,Sales — Retail channels,47724.0,
2026-02,6020,GOSI Contributions,CC-410,Finance Shared Services,23862.0,
2026-02,6100,Rent Expense,,,1388882.5,
2026-02,6100,Rent Expense,CC-000,UNALLOCATED,143183.76,
2026-02,6100,Rent Expense,CC-100,HQ & Admin (Olaya),833329.5,
2026-02,6100,Rent Expense,CC-220,Riyadh South DC,1203698.16,
2026-02,6100,Rent Expense,CC-230,Qassim WH,648145.16,
2026-02,6100,Rent Expense,CC-240,Hail WH,555553.0,
2026-02,6110,Utilities,,,1050601.33,
2026-02,6110,Utilities,CC-000,UNALLOCATED,135386.77,
2026-02,6110,Utilities,CC-100,HQ & Admin (Olaya),437750.55,
2026-02,6110,Utilities,CC-100,HQ & Admin (Olaya),411485.52,REVISED 2026-03-05 — supersedes earlier Feb posting (metering correction)
2026-02,6110,Utilities,CC-210,Riyadh North DC,987565.25,REVISED 2026-03-05 — supersedes earlier Feb posting (metering correction)
2026-02,6110,Utilities,CC-220,Riyadh South DC,875501.11,
2026-02,6110,Utilities,CC-220,Riyadh South DC,822971.04,REVISED 2026-03-05 — supersedes earlier Feb posting (metering correction)
2026-02,6110,Utilities,CC-230,Qassim WH,1313251.67,
2026-02,6110,Utilities,CC-230,Qassim WH,1510239.42,REVISED 2026-03-05 — supersedes earlier Feb posting (metering correction)
2026-02,6110,Utilities,CC-240,Hail WH,700400.89,
2026-02,6110,Utilities,CC-240,Hail WH,658376.84,REVISED 2026-03-05 — supersedes earlier Feb posting (metering correction)
2026-02,6200,Marketing & Advertising,CC-000,UNALLOCATED,2421.0,
2026-02,6200,Marketing & Advertising,CC-100,HQ & Admin (Olaya),11741.85,
2026-02,6200,Marketing & Advertising,CC-310,Sales — Institutional,19569.75,
2026-02,6200,Marketing & Advertising,CC-320,Sales — Retail channels,46967.4,
2026-02,6300,Logistics – 3PL,CC-000,UNALLOCATED,101250.82,
2026-02,6300,Logistics – 3PL,CC-210,Riyadh North DC,1309510.56,
2026-02,6300,Logistics – 3PL,CC-220,Riyadh South DC,916657.39,
2026-02,6300,Logistics – 3PL,CC-230,Qassim WH,589279.75,
2026-02,6300,Logistics – 3PL,CC-240,Hail WH,458328.69,
2026-02,6500,Depreciation Expense,CC-000,UNALLOCATED,15600.0,
2026-02,6500,Depreciation Expense,CC-100,HQ & Admin (Olaya),353080.0,
2026-02,6500,Depreciation Expense,CC-410,Finance Shared Services,151320.0,
2026-02,6610,FX Gain / Loss,,,2766.44,
2026-02,6610,FX Gain / Loss,CC-000,UNALLOCATED,285.2,
2026-02,6610,FX Gain / Loss,CC-100,HQ & Admin (Olaya),6455.03,
2026-03,5000,COGS – Food,CC-000,UNALLOCATED,69322.41,
2026-03,5000,COGS – Food,CC-210,Riyadh North DC,851741.37,
2026-03,5000,COGS – Food,CC-220,Riyadh South DC,672427.39,
2026-03,5000,COGS – Food,CC-230,Qassim WH,403456.44,
2026-03,5000,COGS – Food,CC-240,Hail WH,313799.45,
2026-03,5010,COGS – Beverages,,,876842.88,
2026-03,5010,COGS – Beverages,CC-000,UNALLOCATED,90396.17,
2026-03,5010,COGS – Beverages,CC-210,Riyadh North DC,1110667.65,
2026-03,5010,COGS – Beverages,CC-230,Qassim WH,526105.73,
2026-03,5010,COGS – Beverages,CC-240,Hail WH,409193.34,
2026-03,5020,COGS – Household,CC-000,UNALLOCATED,111046.06,
2026-03,5020,COGS – Household,CC-210,Riyadh North DC,1364385.92,
2026-03,5020,COGS – Household,CC-220,Riyadh South DC,1077146.78,
2026-03,5020,COGS – Household,CC-230,Qassim WH,646288.07,
2026-03,5020,COGS – Household,CC-240,Hail WH,502668.49,
2026-03,5030,COGS – Cosmetics,CC-000,UNALLOCATED,134852.69,
2026-03,5030,COGS – Cosmetics,CC-210,Riyadh North DC,1656890.08,
2026-03,5030,COGS – Cosmetics,CC-220,Riyadh South DC,1308071.11,
2026-03,5030,COGS – Cosmetics,CC-230,Qassim WH,784842.67,
2026-03,5030,COGS – Cosmetics,CC-240,Hail WH,610433.19,
2026-03,5100,Freight Inwards,CC-000,UNALLOCATED,5315.64,
2026-03,5100,Freight Inwards,CC-210,Riyadh North DC,65311.5,
2026-03,5100,Freight Inwards,CC-220,Riyadh South DC,51561.71,
2026-03,5100,Freight Inwards,CC-230,Qassim WH,30937.02,
2026-03,5100,Freight Inwards,CC-240,Hail WH,24062.13,
2026-03,5200,Inventory Adjustments,CC-000,UNALLOCATED,810.06,
2026-03,5200,Inventory Adjustments,CC-210,Riyadh North DC,9952.97,
2026-03,5200,Inventory Adjustments,CC-220,Riyadh South DC,7857.61,
2026-03,5200,Inventory Adjustments,CC-230,Qassim WH,4714.56,
2026-03,5200,Inventory Adjustments,CC-240,Hail WH,3666.89,
2026-03,6000,Salaries & Wages,,,402644.58,
2026-03,6000,Salaries & Wages,CC-000,UNALLOCATED,124529.25,
2026-03,6000,Salaries & Wages,CC-210,Riyadh North DC,885818.09,
2026-03,6000,Salaries & Wages,CC-220,Riyadh South DC,724760.25,
2026-03,6000,Salaries & Wages,CC-230,Qassim WH,402644.58,
2026-03,6000,Salaries & Wages,CC-240,Hail WH,322115.67,
2026-03,6000,Salaries & Wages,CC-310,Sales — Institutional,563702.42,
2026-03,6000,Salaries & Wages,CC-320,Sales — Retail channels,483173.5,
2026-03,6000,Salaries & Wages,CC-410,Finance Shared Services,241586.76,
2026-03,6020,GOSI Contributions,CC-000,UNALLOCATED,12300.0,
2026-03,6020,GOSI Contributions,CC-100,HQ & Admin (Olaya),39770.0,
2026-03,6020,GOSI Contributions,CC-210,Riyadh North DC,87494.0,
2026-03,6020,GOSI Contributions,CC-220,Riyadh South DC,71586.0,
2026-03,6020,GOSI Contributions,CC-230,Qassim WH,39770.0,
2026-03,6020,GOSI Contributions,CC-240,Hail WH,31816.0,
2026-03,6020,GOSI Contributions,CC-310,Sales — Institutional,55678.0,
2026-03,6020,GOSI Contributions,CC-320,Sales — Retail channels,47724.0,
2026-03,6020,GOSI Contributions,CC-410,Finance Shared Services,23862.0,
2026-03,6100,Rent Expense,CC-000,UNALLOCATED,142443.7,
2026-03,6100,Rent Expense,CC-100,HQ & Admin (Olaya),829022.36,
2026-03,6100,Rent Expense,CC-210,Riyadh North DC,1381703.91,
2026-03,6100,Rent Expense,CC-220,Riyadh South DC,1197476.72,
2026-03,6100,Rent Expense,CC-230,Qassim WH,644795.16,
2026-03,6100,Rent Expense,CC-240,Hail WH,552681.56,
2026-03,6110,Utilities,CC-000,UNALLOCATED,88709.94,
2026-03,6110,Utilities,CC-100,HQ & Admin (Olaya),286828.83,
2026-03,6110,Utilities,CC-210,Riyadh North DC,688389.17,
2026-03,6110,Utilities,CC-220,Riyadh South DC,573657.64,
2026-03,6110,Utilities,CC-230,Qassim WH,860486.46,
2026-03,6110,Utilities,CC-240,Hail WH,458926.11,
2026-03,6200,Marketing & Advertising,CC-000,UNALLOCATED,2040.0,
2026-03,6200,Marketing & Advertising,CC-100,HQ & Admin (Olaya),9894.0,
2026-03,6200,Marketing & Advertising,CC-310,Sales — Institutional,16490.0,
2026-03,6200,Marketing & Advertising,CC-320,Sales — Retail channels,39576.0,
2026-03,6300,Logistics – 3PL,CC-000,UNALLOCATED,96136.76,
2026-03,6300,Logistics – 3PL,CC-210,Riyadh North DC,1243368.82,
2026-03,6300,Logistics – 3PL,CC-220,Riyadh South DC,870358.17,
2026-03,6300,Logistics – 3PL,CC-230,Qassim WH,559515.97,
2026-03,6300,Logistics – 3PL,CC-240,Hail WH,435179.09,
2026-03,6320,Repairs & Maintenance,CC-000,UNALLOCATED,866.73,
2026-03,6320,Repairs & Maintenance,CC-100,HQ & Admin (Olaya),19616.99,
2026-03,6320,Repairs & Maintenance,CC-410,Finance Shared Services,8407.28,
2026-03,6500,Depreciation Expense,CC-000,UNALLOCATED,15600.0,
2026-03,6500,Depreciation Expense,CC-100,HQ & Admin (Olaya),353080.0,
2026-03,6500,Depreciation Expense,CC-410,Finance Shared Services,151320.0,
2026-03,6700,Insurance Expense,CC-000,UNALLOCATED,7401.9,
2026-03,6700,Insurance Expense,CC-100,HQ & Admin (Olaya),167529.7,
2026-03,6700,Insurance Expense,CC-410,Finance Shared Services,71798.45,
2026-04,5000,COGS – Food,CC-000,UNALLOCATED,103325.22,
2026-04,5000,COGS – Food,CC-210,Riyadh North DC,1269522.5,
2026-04,5000,COGS – Food,CC-220,Riyadh South DC,1002254.6,
2026-04,5000,COGS – Food,CC-230,Qassim WH,601352.76,
2026-04,5000,COGS – Food,CC-240,Hail WH,467718.81,
2026-04,5010,COGS – Beverages,CC-000,UNALLOCATED,60037.57,
2026-04,5010,COGS – Beverages,CC-210,Riyadh North DC,737661.59,
2026-04,5010,COGS – Beverages,CC-220,Riyadh South DC,582364.41,
2026-04,5010,COGS – Beverages,CC-230,Qassim WH,349418.65,
2026-04,5010,COGS – Beverages,CC-240,Hail WH,271770.05,
2026-04,5020,COGS – Household,CC-000,UNALLOCATED,84495.1,
2026-04,5020,COGS – Household,CC-210,Riyadh North DC,1038163.09,
2026-04,5020,COGS – Household,CC-220,Riyadh South DC,819602.44,
2026-04,5020,COGS – Household,CC-230,Qassim WH,491761.46,
2026-04,5020,COGS – Household,CC-240,Hail WH,382481.14,
2026-04,5030,COGS – Cosmetics,CC-000,UNALLOCATED,87408.11,
2026-04,5030,COGS – Cosmetics,CC-210,Riyadh North DC,1073954.27,
2026-04,5030,COGS – Cosmetics,CC-220,Riyadh South DC,847858.63,
2026-04,5030,COGS – Cosmetics,CC-230,Qassim WH,508715.18,
2026-04,5030,COGS – Cosmetics,CC-240,Hail WH,395667.36,
2026-04,6000,Salaries & Wages,CC-000,UNALLOCATED,123000.0,
2026-04,6000,Salaries & Wages,CC-100,HQ & Admin (Olaya),397700.0,
2026-04,6000,Salaries & Wages,CC-210,Riyadh North DC,874940.0,
2026-04,6000,Salaries & Wages,CC-220,Riyadh South DC,715860.0,
2026-04,6000,Salaries & Wages,CC-230,Qassim WH,397700.0,
2026-04,6000,Salaries & Wages,CC-240,Hail WH,318160.0,
2026-04,6000,Salaries & Wages,CC-310,Sales — Institutional,556780.0,
2026-04,6000,Salaries & Wages,CC-320,Sales — Retail channels,477240.0,
2026-04,6000,Salaries & Wages,CC-410,Finance Shared Services,238620.0,
2026-04,6020,GOSI Contributions,CC-000,UNALLOCATED,13722.67,
2026-04,6020,GOSI Contributions,CC-100,HQ & Admin (Olaya),44369.97,
2026-04,6020,GOSI Contributions,CC-210,Riyadh North DC,97613.93,
2026-04,6020,GOSI Contributions,CC-220,Riyadh South DC,79865.94,
2026-04,6020,GOSI Contributions,CC-230,Qassim WH,44369.97,
2026-04,6020,GOSI Contributions,CC-240,Hail WH,35495.97,
2026-04,6020,GOSI Contributions,CC-310,Sales — Institutional,62117.96,
2026-04,6020,GOSI Contributions,CC-320,Sales — Retail channels,53243.96,
2026-04,6020,GOSI Contributions,CC-410,Finance Shared Services,26621.98,
2026-04,6100,Rent Expense,CC-000,UNALLOCATED,74014.16,
2026-04,6100,Rent Expense,CC-100,HQ & Admin (Olaya),430762.42,
2026-04,6100,Rent Expense,CC-210,Riyadh North DC,717937.35,
2026-04,6100,Rent Expense,CC-220,Riyadh South DC,622212.37,
2026-04,6100,Rent Expense,CC-230,Qassim WH,335037.43,
2026-04,6100,Rent Expense,CC-240,Hail WH,287174.94,
2026-04,6110,Utilities,CC-000,UNALLOCATED,81838.94,
2026-04,6110,Utilities,CC-100,HQ & Admin (Olaya),264612.56,
2026-04,6110,Utilities,CC-210,Riyadh North DC,635070.14,
2026-04,6110,Utilities,CC-220,Riyadh South DC,529225.11,
2026-04,6110,Utilities,CC-230,Qassim WH,793837.67,
2026-04,6110,Utilities,CC-240,Hail WH,423380.09,
2026-04,6200,Marketing & Advertising,CC-000,UNALLOCATED,4597.03,
2026-04,6200,Marketing & Advertising,CC-100,HQ & Admin (Olaya),22295.61,
2026-04,6200,Marketing & Advertising,CC-310,Sales — Institutional,37159.35,
2026-04,6200,Marketing & Advertising,CC-320,Sales — Retail channels,89182.44,
2026-04,6210,Printing & Stationery,,,42377.61,
2026-04,6210,Printing & Stationery,CC-000,UNALLOCATED,2184.41,
2026-04,6210,Printing & Stationery,CC-100,HQ & Admin (Olaya),10594.4,
2026-04,6210,Printing & Stationery,CC-310,Sales — Institutional,17657.34,
2026-04,6220,Professional Fees,CC-000,UNALLOCATED,714.06,
2026-04,6220,Professional Fees,CC-100,HQ & Admin (Olaya),3463.17,
2026-04,6220,Professional Fees,CC-310,Sales — Institutional,5771.95,
2026-04,6220,Professional Fees,CC-320,Sales — Retail channels,13852.69,
2026-04,6300,Logistics – 3PL,CC-000,UNALLOCATED,74239.85,
2026-04,6300,Logistics – 3PL,CC-210,Riyadh North DC,960168.66,
2026-04,6300,Logistics – 3PL,CC-220,Riyadh South DC,672118.06,
2026-04,6300,Logistics – 3PL,CC-230,Qassim WH,432075.9,
2026-04,6300,Logistics – 3PL,CC-240,Hail WH,336059.04,
2026-04,6500,Depreciation Expense,CC-000,UNALLOCATED,15600.0,
2026-04,6500,Depreciation Expense,CC-100,HQ & Admin (Olaya),353080.0,
2026-04,6500,Depreciation Expense,CC-410,Finance Shared Services,151320.0,
2026-05,5000,COGS – Food,CC-000,UNALLOCATED,50393.79,
2026-05,5000,COGS – Food,CC-210,Riyadh North DC,619171.74,
2026-05,5000,COGS – Food,CC-220,Riyadh South DC,488819.8,
2026-05,5000,COGS – Food,CC-230,Qassim WH,293291.88,
2026-05,5000,COGS – Food,CC-240,Hail WH,228115.9,
2026-05,5010,COGS – Beverages,,,800172.97,
2026-05,5010,COGS – Beverages,CC-000,UNALLOCATED,65125.31,
2026-05,5010,COGS – Beverages,CC-220,Riyadh South DC,631715.51,
2026-05,5010,COGS – Beverages,CC-230,Qassim WH,379029.3,
2026-05,5010,COGS – Beverages,CC-240,Hail WH,294800.57,
2026-05,5020,COGS – Household,CC-000,UNALLOCATED,91842.46,
2026-05,5020,COGS – Household,CC-210,Riyadh North DC,1128437.67,
2026-05,5020,COGS – Household,CC-220,Riyadh South DC,890871.84,
2026-05,5020,COGS – Household,CC-230,Qassim WH,534523.11,
2026-05,5020,COGS – Household,CC-240,Hail WH,415740.19,
2026-05,5030,COGS – Cosmetics,CC-000,UNALLOCATED,55184.79,
2026-05,5030,COGS – Cosmetics,CC-210,Riyadh North DC,678037.1,
2026-05,5030,COGS – Cosmetics,CC-220,Riyadh South DC,535292.45,
2026-05,5030,COGS – Cosmetics,CC-230,Qassim WH,321175.47,
2026-05,5030,COGS – Cosmetics,CC-240,Hail WH,249803.13,
2026-05,6000,Salaries & Wages,,,556780.0,
2026-05,6000,Salaries & Wages,CC-000,UNALLOCATED,123000.0,
2026-05,6000,Salaries & Wages,CC-100,HQ & Admin (Olaya),397700.0,
2026-05,6000,Salaries & Wages,CC-210,Riyadh North DC,874940.0,
2026-05,6000,Salaries & Wages,CC-220,Riyadh South DC,715860.0,
2026-05,6000,Salaries & Wages,CC-230,Qassim WH,397700.0,
2026-05,6000,Salaries & Wages,CC-240,Hail WH,318160.0,
2026-05,6000,Salaries & Wages,CC-320,Sales — Retail channels,477240.0,
2026-05,6000,Salaries & Wages,CC-410,Finance Shared Services,238620.0,
2026-05,6010,Employee Benefits,CC-000,UNALLOCATED,1820.99,
2026-05,6010,Employee Benefits,CC-100,HQ & Admin (Olaya),41215.12,
2026-05,6010,Employee Benefits,CC-410,Finance Shared Services,17663.62,
2026-05,6020,GOSI Contributions,CC-000,UNALLOCATED,12300.0,
2026-05,6020,GOSI Contributions,CC-100,HQ & Admin (Olaya),39770.0,
2026-05,6020,GOSI Contributions,CC-210,Riyadh North DC,87494.0,
2026-05,6020,GOSI Contributions,CC-220,Riyadh South DC,71586.0,
2026-05,6020,GOSI Contributions,CC-230,Qassim WH,39770.0,
2026-05,6020,GOSI Contributions,CC-240,Hail WH,31816.0,
2026-05,6020,GOSI Contributions,CC-310,Sales — Institutional,55678.0,
2026-05,6020,GOSI Contributions,CC-320,Sales — Retail channels,47724.0,
2026-05,6020,GOSI Contributions,CC-410,Finance Shared Services,23862.0,
2026-05,6100,Rent Expense,CC-000,UNALLOCATED,95841.86,
2026-05,6100,Rent Expense,CC-100,HQ & Admin (Olaya),557799.62,
2026-05,6100,Rent Expense,CC-210,Riyadh North DC,929666.02,
2026-05,6100,Rent Expense,CC-220,Riyadh South DC,805710.55,
2026-05,6100,Rent Expense,CC-230,Qassim WH,433844.14,
2026-05,6100,Rent Expense,CC-240,Hail WH,371866.41,
2026-05,6110,Utilities,,,304955.39,
2026-05,6110,Utilities,CC-000,UNALLOCATED,58947.56,
2026-05,6110,Utilities,CC-100,HQ & Admin (Olaya),190597.12,
2026-05,6110,Utilities,CC-210,Riyadh North DC,457433.09,
2026-05,6110,Utilities,CC-220,Riyadh South DC,381194.24,
2026-05,6110,Utilities,CC-230,Qassim WH,571791.36,
2026-05,6120,Telecom,CC-000,UNALLOCATED,614.13,
2026-05,6120,Telecom,CC-100,HQ & Admin (Olaya),13899.9,
2026-05,6120,Telecom,CC-410,Finance Shared Services,5957.11,
2026-05,6200,Marketing & Advertising,CC-000,UNALLOCATED,2346.0,
2026-05,6200,Marketing & Advertising,CC-100,HQ & Admin (Olaya),11378.1,
2026-05,6200,Marketing & Advertising,CC-310,Sales — Institutional,18963.5,
2026-05,6200,Marketing & Advertising,CC-320,Sales — Retail channels,45512.4,
2026-05,6300,Logistics – 3PL,CC-000,UNALLOCATED,84097.32,
2026-05,6300,Logistics – 3PL,CC-210,Riyadh North DC,1087658.7,
2026-05,6300,Logistics – 3PL,CC-220,Riyadh South DC,761361.09,
2026-05,6300,Logistics – 3PL,CC-230,Qassim WH,489446.41,
2026-05,6300,Logistics – 3PL,CC-240,Hail WH,380680.55,
2026-05,6400,Travel & Entertainment,CC-000,UNALLOCATED,295.45,
2026-05,6400,Travel & Entertainment,CC-100,HQ & Admin (Olaya),6687.02,
2026-05,6400,Travel & Entertainment,CC-410,Finance Shared Services,2865.87,
2026-05,6500,Depreciation Expense,CC-000,UNALLOCATED,17241.9,
2026-05,6500,Depreciation Expense,CC-100,HQ & Admin (Olaya),390241.67,
2026-05,6500,Depreciation Expense,CC-410,Finance Shared Services,167246.43,
2026-05,6510,Amortization Expense,CC-000,UNALLOCATED,1530.02,
2026-05,6510,Amortization Expense,CC-100,HQ & Admin (Olaya),34629.48,
2026-05,6510,Amortization Expense,CC-410,Finance Shared Services,14841.21,
2026-05,6600,Bank Charges,CC-000,UNALLOCATED,1714.92,
2026-05,6600,Bank Charges,CC-100,HQ & Admin (Olaya),38814.42,
2026-05,6600,Bank Charges,CC-410,Finance Shared Services,16634.76,
2026-05,6800,Bad Debt Expense,CC-000,UNALLOCATED,1588.61,
2026-05,6800,Bad Debt Expense,CC-100,HQ & Admin (Olaya),35955.62,
2026-05,6800,Bad Debt Expense,CC-410,Finance Shared Services,15409.55,
2026-06,5000,COGS – Food,CC-000,UNALLOCATED,26378.34,
2026-06,5000,COGS – Food,CC-210,Riyadh North DC,324101.85,
2026-06,5000,COGS – Food,CC-220,Riyadh South DC,255869.88,
2026-06,5000,COGS – Food,CC-230,Qassim WH,153521.93,
2026-06,5000,COGS – Food,CC-240,Hail WH,119405.94,
2026-06,5010,COGS – Beverages,CC-000,UNALLOCATED,68809.37,
2026-06,5010,COGS – Beverages,CC-210,Riyadh North DC,845437.81,
2026-06,5010,COGS – Beverages,CC-220,Riyadh South DC,667450.9,
2026-06,5010,COGS – Beverages,CC-230,Qassim WH,400470.54,
2026-06,5010,COGS – Beverages,CC-240,Hail WH,311477.1,
2026-06,5020,COGS – Household,CC-000,UNALLOCATED,47334.3,
2026-06,5020,COGS – Household,CC-210,Riyadh North DC,581580.8,
2026-06,5020,COGS – Household,CC-220,Riyadh South DC,459142.74,
2026-06,5020,COGS – Household,CC-230,Qassim WH,275485.64,
2026-06,5020,COGS – Household,CC-240,Hail WH,214266.62,
2026-06,5030,COGS – Cosmetics,CC-000,UNALLOCATED,39928.68,
2026-06,5030,COGS – Cosmetics,CC-210,Riyadh North DC,490590.34,
2026-06,5030,COGS – Cosmetics,CC-220,Riyadh South DC,387308.16,
2026-06,5030,COGS – Cosmetics,CC-230,Qassim WH,232384.9,
2026-06,5030,COGS – Cosmetics,CC-240,Hail WH,180743.81,
2026-06,5110,Customs & Duties,CC-000,UNALLOCATED,1259.88,
2026-06,5110,Customs & Duties,CC-210,Riyadh North DC,15479.77,
2026-06,5110,Customs & Duties,CC-220,Riyadh South DC,12220.87,
2026-06,5110,Customs & Duties,CC-230,Qassim WH,7332.52,
2026-06,5110,Customs & Duties,CC-240,Hail WH,5703.07,
2026-06,6000,Salaries & Wages,CC-000,UNALLOCATED,123000.0,
2026-06,6000,Salaries & Wages,CC-100,HQ & Admin (Olaya),397700.0,
2026-06,6000,Salaries & Wages,CC-210,Riyadh North DC,874940.0,
2026-06,6000,Salaries & Wages,CC-220,Riyadh South DC,715860.0,
2026-06,6000,Salaries & Wages,CC-230,Qassim WH,397700.0,
2026-06,6000,Salaries & Wages,CC-240,Hail WH,318160.0,
2026-06,6000,Salaries & Wages,CC-310,Sales — Institutional,556780.0,
2026-06,6000,Salaries & Wages,CC-320,Sales — Retail channels,477240.0,
2026-06,6000,Salaries & Wages,CC-410,Finance Shared Services,238620.0,
2026-06,6020,GOSI Contributions,CC-000,UNALLOCATED,12300.0,
2026-06,6020,GOSI Contributions,CC-100,HQ & Admin (Olaya),39770.0,
2026-06,6020,GOSI Contributions,CC-210,Riyadh North DC,87494.0,
2026-06,6020,GOSI Contributions,CC-220,Riyadh South DC,71586.0,
2026-06,6020,GOSI Contributions,CC-230,Qassim WH,39770.0,
2026-06,6020,GOSI Contributions,CC-240,Hail WH,31816.0,
2026-06,6020,GOSI Contributions,CC-310,Sales — Institutional,55678.0,
2026-06,6020,GOSI Contributions,CC-320,Sales — Retail channels,47724.0,
2026-06,6020,GOSI Contributions,CC-410,Finance Shared Services,23862.0,
2026-06,6100,Rent Expense,CC-000,UNALLOCATED,90855.54,
2026-06,6100,Rent Expense,CC-100,HQ & Admin (Olaya),528779.23,
2026-06,6100,Rent Expense,CC-210,Riyadh North DC,881298.71,
2026-06,6100,Rent Expense,CC-220,Riyadh South DC,763792.21,
2026-06,6100,Rent Expense,CC-230,Qassim WH,411272.73,
2026-06,6100,Rent Expense,CC-240,Hail WH,352519.48,
2026-06,6110,Utilities,CC-000,UNALLOCATED,30672.63,
2026-06,6110,Utilities,CC-100,HQ & Admin (Olaya),99174.83,
2026-06,6110,Utilities,CC-210,Riyadh North DC,238019.59,
2026-06,6110,Utilities,CC-220,Riyadh South DC,198349.65,
2026-06,6110,Utilities,CC-230,Qassim WH,297524.48,
2026-06,6110,Utilities,CC-240,Hail WH,158679.72,
2026-06,6300,Logistics – 3PL,CC-000,UNALLOCATED,52164.55,
2026-06,6300,Logistics – 3PL,CC-210,Riyadh North DC,674661.57,
2026-06,6300,Logistics – 3PL,CC-220,Riyadh South DC,472263.1,
2026-06,6300,Logistics – 3PL,CC-230,Qassim WH,303597.71,
2026-06,6300,Logistics – 3PL,CC-240,Hail WH,236131.55,
2026-06,6500,Depreciation Expense,CC-000,UNALLOCATED,15600.0,
2026-06,6500,Depreciation Expense,CC-100,HQ & Admin (Olaya),353080.0,
2026-06,6500,Depreciation Expense,CC-410,Finance Shared Services,151320.0,
2026-06,6620,Interest Expense,CC-000,UNALLOCATED,2084.06,
2026-06,6620,Interest Expense,CC-100,HQ & Admin (Olaya),47169.29,
2026-06,6620,Interest Expense,CC-410,Finance Shared Services,20215.42,
2026-06,6700,Insurance Expense,CC-000,UNALLOCATED,5400.0,
2026-06,6700,Insurance Expense,CC-100,HQ & Admin (Olaya),122220.0,
2026-06,6700,Insurance Expense,CC-410,Finance Shared Services,52380.0,
