GRN_ID,PO_ID,Vendor_ID,Vendor_Name,SKU,PO_Qty,Received_Qty,Receipt_Date,Match_Status
GRN-2026-5001,PO-2026-0090,V-1186,Sulaiman Group Co LLC,BV-2015,3000,3000,2026-01-21,Matched (3-way)
GRN-2026-5002,PO-2026-0398,V-1009,Bordeaux Cleaning Company,CM-4003,500,500,2026-01-22,Matched (3-way)
GRN-2026-5003,PO-2026-0045,V-1175,Desert Manufacturing Co,CM-4007,1500,1500,2026-01-26,Matched (3-way)
GRN-2026-5004,PO-2026-0084,V-1201,Jamal Marketing Co,CM-4008,4000,4000,2026-01-23,Matched (3-way)
GRN-2026-5005,PO-2026-0341,V-1141,Mada Industries Co,HH-3003,2000,2000,2026-01-10,Matched (3-way)
GRN-2026-5006,PO-2026-0447,V-1044,Euphrates Foodstuff Group,FG-1023,200,200,2026-01-14,Matched (3-way)
GRN-2026-5007,PO-2026-0140,V-1057,Zahra Industries Group,BV-2008,100,100,2026-01-22,Matched (3-way)
GRN-2026-5008,PO-2026-0499,V-1001,Faridi Cosmetics LLC,FG-1002,3000,3000,2026-01-26,Matched (3-way)
GRN-2026-5009,PO-2026-0030,V-1035,Arkan Imports Co LLC,FG-1029,3000,3000,2026-01-12,Matched (3-way)
GRN-2026-5010,PO-2026-0063,V-1024,Al-Rajhi Confectionery Co,CM-4012,500,500,2026-01-31,Matched (3-way)
GRN-2026-5011,PO-2026-0136,V-1124,Tabuk Dairy Co,BV-2011,4000,4000,2026-01-19,Matched (3-way)
GRN-2026-5012,PO-2026-0193,V-1051,Noor Marketing Co,FG-1022,2000,2000,2026-01-14,Matched (3-way)
GRN-2026-5013,PO-2026-0251,V-1186,Sulaiman Group Co LLC,BV-2013,3000,3000,2026-02-02,Matched (3-way)
GRN-2026-5014,PO-2026-0381,V-1175,Desert Manufacturing Co,CM-4018,3000,3000,2026-01-25,Matched (3-way)
GRN-2026-5015,PO-2026-0403,V-1102,Quick Supply Chain Company,CM-4005,1000,1000,2026-02-01,Matched (3-way)
GRN-2026-5016,PO-2026-0420,V-1203,Dar Print Services Trading LLC,HH-3011,500,500,2026-01-26,Matched (3-way)
GRN-2026-5017,PO-2026-0439,V-1017,Bin Laden Cosmetics Ltd,BV-2013,200,200,2026-01-22,Matched (3-way)
GRN-2026-5018,PO-2026-0009,V-1172,Amwaj Commercial Company,CM-4004,1500,1500,2026-02-04,Matched (3-way)
GRN-2026-5019,PO-2026-0023,V-1133,Kayan Hygiene Co LLC,FG-1015,2000,2000,2026-02-05,Matched (3-way)
GRN-2026-5020,PO-2026-0106,V-1105,Amwaj Marketing Company,FG-1001,200,200,2026-02-03,Matched (3-way)
GRN-2026-5021,PO-2026-0170,V-1079,Ibn Sina Materials Trading Ltd,HH-3007,1500,1500,2026-02-05,Matched (3-way)
GRN-2026-5022,PO-2026-0185,V-1174,Riyadh Holdings LLC,BV-2011,200,200,2026-02-02,Matched (3-way)
GRN-2026-5023,PO-2026-0326,V-1205,Al-Faisal Confectionery Co LLC,BV-2023,2000,2000,2026-02-03,Matched (3-way)
GRN-2026-5024,PO-2026-0533,V-1196,Khaleej Foodstuff LLC,BV-2004,5000,5000,2026-01-22,Matched (3-way)
GRN-2026-5025,PO-2026-0577,V-1056,Bayt Beverages Co,BV-2017,1500,1500,2026-01-25,Matched (3-way)
GRN-2026-5026,PO-2026-0007,V-1045,Tatweer Commercial LLC,FG-1027,3000,3000,2026-01-17,Matched (3-way)
GRN-2026-5027,PO-2026-0082,V-1056,Bayt Beverages Co,FG-1007,200,200,2026-01-16,Matched (3-way)
GRN-2026-5028,PO-2026-0271,V-1030,Bayt Foods Company,CM-4005,200,200,2026-02-02,Matched (3-way)
GRN-2026-5029,PO-2026-0528,V-1127,Dar Marketing Group,CM-4002,1500,1445,2026-01-18,Short receipt — match exception
GRN-2026-5030,PO-2026-0570,V-1188,Arkan Packaging LLC,FG-1022,200,188,2026-01-24,Short receipt — match exception
GRN-2026-5031,PO-2026-0125,V-1016,Najd Confectionery Co,HH-3024,100,100,2026-01-25,Matched (3-way)
GRN-2026-5032,PO-2026-0315,V-1029,Olaya Hygiene LLC,FG-1029,1000,1000,2026-01-15,Matched (3-way)
GRN-2026-5033,PO-2026-0580,V-1142,Al-Rashid Pharma Trading Co LLC,HH-3014,200,194,2026-01-30,Short receipt — match exception
GRN-2026-5034,PO-2026-0089,V-1070,Bayt Confectionery Co,FG-1008,2000,2000,2026-01-17,Matched (3-way)
GRN-2026-5035,PO-2026-0096,V-1119,Arabian Snacks Company,BV-2001,4000,4296,2026-01-29,Qty over-receipt — match exception
GRN-2026-5036,PO-2026-0477,V-1084,Jamal Supply Chain Co LLC,BV-2016,500,500,2026-01-29,Matched (3-way)
GRN-2026-5037,PO-2026-0483,V-1079,Ibn Sina Materials Trading Ltd,HH-3003,2000,2000,2026-01-18,Matched (3-way)
GRN-2026-5038,PO-2026-0498,V-1175,Desert Manufacturing Co,HH-3014,5000,5000,2026-02-05,Matched (3-way)
GRN-2026-5039,PO-2026-0101,V-1110,Premier Manufacturing Group,HH-3006,2000,2000,2026-01-19,Matched (3-way)
GRN-2026-5040,PO-2026-0282,V-1038,Sahara Trading Co LLC,FG-2241,1000,1000,2026-02-09,Matched (3-way)
GRN-2026-5041,PO-2026-0514,V-1094,Arabian Wholesale Co LLC,FG-1015,500,486,2026-01-26,Short receipt — match exception
GRN-2026-5042,PO-2026-0031,V-1149,Euphrates Marketing LLC,CM-4001,3000,3000,20/01/2026,Matched (3-way)
GRN-2026-5043,PO-2026-0103,V-1133,Kayan Hygiene Co LLC,CM-4002,1000,1000,2026-02-05,Matched (3-way)
GRN-2026-5044,PO-2026-0156,V-1005,Arabian Confectionery Co LLC,BV-2015,1000,1000,2026-02-05,Matched (3-way)
GRN-2026-5045,PO-2026-0211,V-1008,Levant Hygiene Ltd,FG-1008,4000,4000,2026-01-21,Matched (3-way)
GRN-2026-5046,PO-2026-0216,V-1163,Tabuk Group Company,CM-4009,3000,3000,2026-01-21,Matched (3-way)
GRN-2026-5047,PO-2026-0366,V-1065,Zahra Industries Company,BV-2011,200,200,2026-02-07,Matched (3-way)
GRN-2026-5048,PO-2026-0510,V-1030,Bayt Foods Company,BV-2006,500,500,03/02/2026,Matched (3-way)
GRN-2026-5049,PO-2026-0017,V-1110,Premier Manufacturing Group,CM-4010,1500,1500,2026-01-21,Matched (3-way)
GRN-2026-5050,PO-2026-0081,V-1132,Mawared Snacks Group,FG-1025,4000,4000,2026-01-21,Matched (3-way)
GRN-2026-5051,PO-2026-0128,V-1133,Kayan Hygiene Co LLC,HH-3017,100,100,2026-02-07,Matched (3-way)
GRN-2026-5052,PO-2026-0190,V-1136,Premier Cleaning Group,BV-2020,100,105,2026-01-26,Qty over-receipt — match exception
GRN-2026-5053,PO-2026-0350,V-1185,Mada Packaging Company,CM-4017,1000,1000,2026-01-24,Matched (3-way)
GRN-2026-5054,PO-2026-0430,V-1024,Al-Rajhi Confectionery Co,BV-2017,5000,5000,2026-01-31,Matched (3-way)
GRN-2026-5055,PO-2026-0521,V-1148,Kayan Marketing Group,FG-1019,100,100,2026-02-07,Matched (3-way)
GRN-2026-5056,PO-2026-0525,V-1133,Kayan Hygiene Co LLC,CM-4006,3000,3000,2026-01-22,Matched (3-way)
GRN-2026-5057,PO-2026-0558,V-1114,Al-Rajhi Materials Trading Ltd,FG-1020,5000,5000,2026-02-08,Matched (3-way)
GRN-2026-5058,PO-2026-0060,V-1057,Zahra Industries Group,FG-1001,200,200,2026-02-07,Matched (3-way)
GRN-2026-5059,PO-2026-0181,V-1062,Riyadh Co Ltd,CM-4015,3000,3000,2026-02-07,Matched (3-way)
GRN-2026-5060,PO-2026-0394,V-1145,Diyar Marketing Ltd,FG-1021,800,800,26/01/2026,Matched (3-way)
GRN-2026-5061,PO-2026-0070,V-1103,Maghrib Dairy Trading LLC,BV-2008,200,200,2026-01-23,Matched (3-way)
GRN-2026-5062,PO-2026-0145,V-1030,Bayt Foods Company,FG-1017,1000,1000,2026-02-10,Matched (3-way)
GRN-2026-5063,PO-2026-0217,V-1008,Levant Hygiene Ltd,CM-4016,1000,1000,26/01/2026,Matched (3-way)
GRN-2026-5064,PO-2026-0540,V-1163,Tabuk Group Company,FG-1026,500,500,2026-02-03,Matched (3-way)
GRN-2026-5065,PO-2026-0001,V-1101,Levant Cleaning Trading LLC,BV-2010,4000,3915,2026-02-13,Short receipt — match exception
GRN-2026-5066,PO-2026-0057,V-1194,Watani Manufacturing Ltd,HH-3006,500,500,2026-02-07,Matched (3-way)
GRN-2026-5067,PO-2026-0102,V-1106,Oasis Manufacturing Co,CM-4019,2000,2000,2026-02-03,Matched (3-way)
GRN-2026-5068,PO-2026-0207,V-1041,Sahara Distribution Ltd,BV-2023,100,100,2026-02-03,Matched (3-way)
GRN-2026-5069,PO-2026-0270,V-1053,Sahara Co Company,CM-4011,500,500,2026-01-28,Matched (3-way)
GRN-2026-5070,PO-2026-0511,V-1091,Falcon Distribution Trading LLC,HH-3004,800,800,2026-02-05,Matched (3-way)
GRN-2026-5071,PO-2026-0543,V-1079,Ibn Sina Materials Trading Ltd,FG-1009,1500,1500,2026-02-08,Matched (3-way)
GRN-2026-5072,PO-2026-0015,V-1107,Faridi Marketing Trading LLC,HH-3023,3000,3000,2026-01-24,Matched (3-way)
GRN-2026-5073,PO-2026-0378,V-1068,Diyar Imports Group,CM-4004,1500,1500,2026-02-14,Matched (3-way)
GRN-2026-5074,PO-2026-0530,V-1172,Amwaj Commercial Company,HH-3001,2000,2000,2026-01-27,Matched (3-way)
GRN-2026-5075,PO-2026-0020,V-1082,Sulaiman Enterprises Group,BV-2022,500,500,2026-02-11,Matched (3-way)
GRN-2026-5076,PO-2026-0146,V-1061,Al-Rajhi Marketing LLC,CM-4017,500,500,27/01/2026,Matched (3-way)
GRN-2026-5077,PO-2026-0158,V-1141,Mada Industries Co,HH-3018,1500,1500,2026-01-26,Matched (3-way)
GRN-2026-5078,PO-2026-0159,V-1010,Rashid Materials Trading Group,HH-3009,500,500,2026-01-25,Matched (3-way)
GRN-2026-5079,PO-2026-0188,V-1151,Lamar Commercial Ltd,BV-2004,2000,2000,2026-02-08,Matched (3-way)
GRN-2026-5080,PO-2026-0290,V-1205,Al-Faisal Confectionery Co LLC,FG-1005,800,800,2026-02-12,Matched (3-way)
GRN-2026-5081,PO-2026-0360,V-1045,Tatweer Commercial LLC,BV-2001,3000,3000,2026-01-27,Matched (3-way)
GRN-2026-5082,PO-2026-0129,V-1038,Sahara Trading Co LLC,FG-1019,1500,1500,2026-02-12,Matched (3-way)
GRN-2026-5083,PO-2026-0175,V-1096,Oasis Exports Trading LLC,CM-4009,3000,3000,2026-02-15,Matched (3-way)
GRN-2026-5084,PO-2026-0197,V-1140,Falcon Cosmetics LLC,CM-4013,3000,3000,2026-02-08,Matched (3-way)
GRN-2026-5085,PO-2026-0210,V-1195,Asir Trading LLC,FG-1029,1500,1500,2026-01-30,Matched (3-way)
GRN-2026-5086,PO-2026-0385,V-1126,Quick Wholesale LLC,BV-2021,200,200,2026-02-16,Matched (3-way)
GRN-2026-5087,PO-2026-0152,V-1029,Olaya Hygiene LLC,BV-2004,500,500,2026-01-31,Matched (3-way)
GRN-2026-5088,PO-2026-0375,V-1062,Riyadh Co Ltd,CM-4004,1000,1000,2026-02-02,Matched (3-way)
GRN-2026-5089,PO-2026-0047,V-1079,Ibn Sina Materials Trading Ltd,FG-1027,1500,1500,2026-02-03,Matched (3-way)
GRN-2026-5090,PO-2026-0110,V-1204,Misr Confectionery Ltd,HH-3019,2000,2000,2026-02-09,Matched (3-way)
GRN-2026-5091,PO-2026-0147,V-1063,Bin Laden Snacks Co LLC,HH-3022,3000,3000,2026-01-31,Matched (3-way)
GRN-2026-5092,PO-2026-0169,V-1049,Mediterranean Wines & Spirits Trading LLC,BV-2005,1500,1500,2026-01-29,Matched (3-way)
GRN-2026-5093,PO-2026-0392,V-1004,Bayt Supply Chain LLC,HH-3018,800,734,2026-02-02,Short receipt — match exception
GRN-2026-5094,PO-2026-0413,V-1052,Tigris Exports Group,FG-1022,200,200,2026-02-07,Matched (3-way)
GRN-2026-5095,PO-2026-0187,V-1025,Oasis Solutions Trading LLC,FG-1028,4000,4000,2026-02-01,Matched (3-way)
GRN-2026-5096,PO-2026-0307,V-1046,Maghrib Industries Co,BV-2019,3000,3209,2026-02-22,Qty over-receipt — match exception
GRN-2026-5097,PO-2026-0544,V-1010,Rashid Materials Trading Group,FG-1002,1500,1500,2026-02-08,Matched (3-way)
GRN-2026-5098,PO-2026-0011,V-1057,Zahra Industries Group,BV-2020,2000,2000,2026-02-14,Matched (3-way)
GRN-2026-5099,PO-2026-0208,V-1013,Levant Co Ltd,FG-1009,100,100,2026-02-13,Matched (3-way)
GRN-2026-5100,PO-2026-0214,V-1010,Rashid Materials Trading Group,BV-2012,100,100,2026-02-18,Matched (3-way)
GRN-2026-5101,PO-2026-0149,V-1115,Watani Snacks Group,FG-1025,500,500,2026-02-22,Matched (3-way)
GRN-2026-5102,PO-2026-0151,V-1150,Oasis Enterprises Ltd,FG-1016,100,100,2026-02-11,Matched (3-way)
GRN-2026-5103,PO-2026-0331,V-1186,Sulaiman Group Co LLC,FG-1025,100,100,2026-02-18,Matched (3-way)
GRN-2026-5104,PO-2026-0068,V-1094,Arabian Wholesale Co LLC,HH-3001,100,100,2026-02-24,Matched (3-way)
GRN-2026-5105,PO-2026-0131,V-1113,Al-Faisal Beverages LLC,FG-1029,3000,3000,2026-02-25,Matched (3-way)
GRN-2026-5106,PO-2026-0274,V-1066,Al-Faisal Confectionery Ltd,BV-2020,5000,5000,2026-02-15,Matched (3-way)
GRN-2026-5107,PO-2026-0295,V-1116,Solo Foods Ltd,BV-2003,800,800,2026-02-18,Matched (3-way)
GRN-2026-5108,PO-2026-0327,V-1192,Asir Co Ltd,BV-2017,1000,1000,2026-02-03,Matched (3-way)
GRN-2026-5109,PO-2026-0405,V-1185,Mada Packaging Company,HH-3017,200,200,2026-02-20,Matched (3-way)
GRN-2026-5110,PO-2026-0466,V-1117,Tigris Industries Trading LLC,BV-2022,500,500,2026-02-16,Matched (3-way)
GRN-2026-5111,PO-2026-0488,V-1016,Najd Confectionery Co,FG-1007,1000,1000,2026-02-07,Matched (3-way)
GRN-2026-5112,PO-2026-0120,V-1191,Tigris Foodstuff Ltd,BV-2004,100,100,08/02/2026,Matched (3-way)
GRN-2026-5113,PO-2026-0342,V-1102,Quick Supply Chain Company,FG-1013,5000,5000,2026-02-11,Matched (3-way)
GRN-2026-5114,PO-2026-0368,V-1112,Watani Solutions Company,BV-2015,1500,1500,09/02/2026,Matched (3-way)
GRN-2026-5115,PO-2026-0016,V-1195,Asir Trading LLC,CM-4009,500,500,2026-02-08,Matched (3-way)
GRN-2026-5116,PO-2026-0062,V-1177,Lamar Enterprises Group,BV-2014,100,100,2026-02-11,Matched (3-way)
GRN-2026-5117,PO-2026-0111,V-1095,Tihama Wines & Spirits LLC,FG-1008,2000,2000,2026-02-21,Matched (3-way)
GRN-2026-5118,PO-2026-0479,V-1111,Mada Materials Trading Ltd,FG-1011,2000,1978,2026-02-16,Short receipt — match exception
GRN-2026-5119,PO-2026-0258,V-1120,Premier International Group,BV-2023,2000,2000,2026-02-12,Matched (3-way)
GRN-2026-5120,PO-2026-0496,V-1191,Tigris Foodstuff Ltd,FG-1002,200,200,2026-02-15,Matched (3-way)
GRN-2026-5121,PO-2026-0592,V-1177,Lamar Enterprises Group,CM-4014,5000,5000,2026-02-27,Matched (3-way)
GRN-2026-5122,PO-2026-0165,V-1204,Misr Confectionery Ltd,FG-1024,100,100,2026-02-22,Matched (3-way)
GRN-2026-5123,PO-2026-0478,V-1014,Al-Faisal Exports Co,CM-4011,2000,2000,2026-02-13,Matched (3-way)
GRN-2026-5124,PO-2026-0077,V-1042,Arabian Materials Trading Co LLC,HH-3017,100,100,2026-02-13,Matched (3-way)
GRN-2026-5125,PO-2026-0164,V-1099,Tabuk Distribution Trading LLC,FG-1003,2000,2000,2026-02-25,Matched (3-way)
GRN-2026-5126,PO-2026-0504,V-1071,Sulaiman Cleaning Group,BV-2015,1500,1500,2026-02-21,Matched (3-way)
GRN-2026-5127,PO-2026-0148,V-1060,Arkan Services Co,FG-1002,2000,2000,2026-02-16,Matched (3-way)
GRN-2026-5128,PO-2026-0209,V-1204,Misr Confectionery Ltd,HH-3005,3000,2719,2026-02-28,Short receipt — match exception
GRN-2026-5129,PO-2026-0389,V-1082,Sulaiman Enterprises Group,FG-1004,500,500,17/02/2026,Matched (3-way)
GRN-2026-5130,PO-2026-0432,V-1029,Olaya Hygiene LLC,BV-2004,1000,1000,2026-02-11,Matched (3-way)
GRN-2026-5131,PO-2026-0593,V-1189,Najd Foods Co,CM-4007,1000,1000,2026-02-21,Matched (3-way)
GRN-2026-5132,PO-2026-0059,V-1095,Tihama Wines & Spirits LLC,CM-4018,1500,1587,19/02/2026,Qty over-receipt — match exception
GRN-2026-5133,PO-2026-0320,V-1109,Al-Faisal Foods Ltd,FG-1004,1500,1500,2026-02-15,Matched (3-way)
GRN-2026-5134,PO-2026-0347,V-1010,Rashid Materials Trading Group,HH-3019,500,500,2026-02-13,Matched (3-way)
GRN-2026-5135,PO-2026-0355,V-1028,Rashid Trading Co LLC,BV-2009,1500,1500,2026-02-14,Matched (3-way)
GRN-2026-5136,PO-2026-0369,V-1034,Madinah Foods Co LLC,FG-1023,1500,1542,2026-02-13,Qty over-receipt — match exception
GRN-2026-5137,PO-2026-0424,V-1090,Faridi Marketing Company,FG-1010,3000,3000,13/02/2026,Matched (3-way)
GRN-2026-5138,PO-2026-0004,V-1101,Levant Cleaning Trading LLC,BV-2006,1000,1000,2026-02-24,Matched (3-way)
GRN-2026-5139,PO-2026-0065,V-1044,Euphrates Foodstuff Group,HH-3018,4000,3610,2026-02-26,Short receipt — match exception
GRN-2026-5140,PO-2026-0312,V-1169,Sahara Confectionery Group,HH-3015,5000,5000,2026-02-23,Matched (3-way)
GRN-2026-5141,PO-2026-0345,V-1080,Oasis Commercial Trading LLC,CM-4014,5000,5000,2026-03-01,Matched (3-way)
GRN-2026-5142,PO-2026-0132,V-1002,Arabian Foods Co LLC,HH-3009,200,200,2026-02-28,Matched (3-way)
GRN-2026-5143,PO-2026-0179,V-1134,Dammam Holdings LLC,HH-3022,500,500,2026-02-24,Matched (3-way)
GRN-2026-5144,PO-2026-0349,V-1032,Tigris Snacks Group,CM-4008,1000,1000,2026-02-28,Matched (3-way)
GRN-2026-5145,PO-2026-0507,V-1091,Falcon Distribution Trading LLC,BV-2023,1500,1500,2026-03-09,Matched (3-way)
GRN-2026-5146,PO-2026-0010,V-1042,Arabian Materials Trading Co LLC,BV-2002,2000,2000,05/03/2026,Matched (3-way)
GRN-2026-5147,PO-2026-0036,V-1056,Bayt Beverages Co,BV-2015,3000,3000,2026-02-18,Matched (3-way)
GRN-2026-5148,PO-2026-0071,V-1046,Maghrib Industries Co,BV-2008,100,100,2026-02-15,Matched (3-way)
GRN-2026-5149,PO-2026-0074,V-1008,Levant Hygiene Ltd,HH-3009,3000,3000,2026-03-10,Matched (3-way)
GRN-2026-5150,PO-2026-0080,V-1080,Oasis Commercial Trading LLC,FG-1028,4000,4000,2026-03-04,Matched (3-way)
GRN-2026-5151,PO-2026-0085,V-1042,Arabian Materials Trading Co LLC,FG-1024,4000,4000,2026-03-04,Matched (3-way)
GRN-2026-5152,PO-2026-0113,V-1150,Oasis Enterprises Ltd,CM-4006,200,200,2026-03-02,Matched (3-way)
GRN-2026-5153,PO-2026-0127,V-1020,Al-Rajhi Packaging Ltd,BV-2015,100,100,2026-02-26,Matched (3-way)
GRN-2026-5154,PO-2026-0168,V-1097,Kayan Hygiene Ltd,FG-1003,2000,2000,2026-02-27,Matched (3-way)
GRN-2026-5155,PO-2026-0359,V-1107,Faridi Marketing Trading LLC,CM-4001,1500,1500,2026-03-11,Matched (3-way)
GRN-2026-5156,PO-2026-0559,V-1063,Bin Laden Snacks Co LLC,HH-3024,800,800,2026-02-28,Matched (3-way)
GRN-2026-5157,PO-2026-0115,V-1030,Bayt Foods Company,HH-3018,500,500,2026-02-23,Matched (3-way)
GRN-2026-5158,PO-2026-0200,V-1072,Lamar Hygiene Trading LLC,FG-1015,100,100,2026-03-10,Matched (3-way)
GRN-2026-5159,PO-2026-0019,V-1114,Al-Rajhi Materials Trading Ltd,FG-1029,100,95,2026-03-09,Short receipt — match exception
GRN-2026-5160,PO-2026-0547,V-1116,Solo Foods Ltd,BV-2012,1000,1069,2026-03-05,Qty over-receipt — match exception
GRN-2026-5161,PO-2026-0141,V-1031,Noor Snacks Ltd,FG-1008,500,500,2026-03-11,Matched (3-way)
GRN-2026-5162,PO-2026-0353,V-1177,Lamar Enterprises Group,HH-3012,500,500,2026-02-28,Matched (3-way)
GRN-2026-5163,PO-2026-0581,V-1116,Solo Foods Ltd,FG-1003,800,800,14/03/2026,Matched (3-way)
GRN-2026-5164,PO-2026-0588,V-1135,Misr Imports Group,HH-3014,3000,2938,2026-03-08,Short receipt — match exception
GRN-2026-5165,PO-2026-0480,V-1127,Dar Marketing Group,CM-4007,2000,2000,2026-02-26,Matched (3-way)
GRN-2026-5166,PO-2026-0497,V-1067,Bordeaux Manufacturing Group,CM-4004,100,100,2026-02-21,Matched (3-way)
GRN-2026-5167,PO-2026-0550,V-1082,Sulaiman Enterprises Group,HH-3017,1000,1000,2026-02-26,Matched (3-way)
GRN-2026-5168,PO-2026-0066,V-1058,Desert Cleaning Co LLC,BV-2014,4000,4000,2026-03-15,Matched (3-way)
GRN-2026-5169,PO-2026-0107,V-1001,Faridi Cosmetics LLC,FG-1014,100,100,2026-03-06,Matched (3-way)
GRN-2026-5170,PO-2026-0281,V-1028,Rashid Trading Co LLC,HH-3018,1500,1500,2026-03-16,Matched (3-way)
GRN-2026-5171,PO-2026-0035,V-1174,Riyadh Holdings LLC,HH-3024,200,206,2026-03-16,Qty over-receipt — match exception
GRN-2026-5172,PO-2026-0172,V-1181,Gulf Hygiene Group,HH-3018,200,200,2026-03-17,Matched (3-way)
GRN-2026-5173,PO-2026-0305,V-1044,Euphrates Foodstuff Group,CM-4007,1000,1062,2026-02-25,Qty over-receipt — match exception
GRN-2026-5174,PO-2026-0013,V-1007,Tatweer Holdings Co,BV-2012,3000,3220,2026-03-05,Qty over-receipt — match exception
GRN-2026-5175,PO-2026-0028,V-1118,Diyar Foods LLC,FG-1029,4000,4000,2026-03-10,Matched (3-way)
GRN-2026-5176,PO-2026-0400,V-1022,Faridi Cleaning Trading LLC,HH-3012,500,500,2026-03-05,Matched (3-way)
GRN-2026-5177,PO-2026-0409,V-1065,Zahra Industries Company,BV-2002,500,500,2026-03-06,Matched (3-way)
GRN-2026-5178,PO-2026-0440,V-1456,Gulf BioPharma Co,FG-1026,200,200,2026-03-17,Matched (3-way)
GRN-2026-5179,PO-2026-0594,V-1032,Tigris Snacks Group,HH-3006,1000,984,2026-03-04,Short receipt — match exception
GRN-2026-5180,PO-2026-0018,V-1052,Tigris Exports Group,HH-3003,4000,3975,2026-03-06,Short receipt — match exception
GRN-2026-5181,PO-2026-0134,V-1083,Hijaz Holdings Co LLC,BV-2002,1000,1000,03/03/2026,Matched (3-way)
GRN-2026-5182,PO-2026-0285,V-1141,Mada Industries Co,CM-4010,3000,3000,2026-02-26,Matched (3-way)
GRN-2026-5183,PO-2026-0365,V-1076,Noor Marketing Ltd,HH-3008,500,500,2026-03-18,Matched (3-way)
GRN-2026-5184,PO-2026-0505,V-1200,Tihama Manufacturing Ltd,FG-1016,1500,1529,2026-03-13,Qty over-receipt — match exception
GRN-2026-5185,PO-2026-0138,V-1101,Levant Cleaning Trading LLC,HH-3002,1000,1000,2026-02-28,Matched (3-way)
GRN-2026-5186,PO-2026-0157,V-1129,Arkan Cleaning Trading LLC,FG-1010,200,200,2026-03-13,Matched (3-way)
GRN-2026-5187,PO-2026-0174,V-1178,Bayt Exports LLC,FG-1012,1000,1000,05/03/2026,Matched (3-way)
GRN-2026-5188,PO-2026-0397,V-1172,Amwaj Commercial Company,FG-1026,5000,5000,2026-02-26,Matched (3-way)
GRN-2026-5189,PO-2026-0443,V-1007,Tatweer Holdings Co,FG-1003,800,800,2026-03-10,Matched (3-way)
GRN-2026-5190,PO-2026-0144,V-1033,Al-Rajhi Foods Co,FG-1025,2000,2000,2026-03-09,Matched (3-way)
GRN-2026-5191,PO-2026-0155,V-1018,Jamal Trading Co LLC,HH-3007,3000,3000,2026-03-13,Matched (3-way)
GRN-2026-5192,PO-2026-0178,V-1149,Euphrates Marketing LLC,CM-4006,4000,4000,2026-03-11,Matched (3-way)
GRN-2026-5193,PO-2026-0468,V-1024,Al-Rajhi Confectionery Co,FG-1001,200,200,2026-03-11,Matched (3-way)
GRN-2026-5194,PO-2026-0549,V-1101,Levant Cleaning Trading LLC,FG-1016,1000,1000,2026-03-11,Matched (3-way)
GRN-2026-5195,PO-2026-0553,V-1023,Misr Pharma Products Co LLC,HH-3024,1000,1000,2026-03-03,Matched (3-way)
GRN-2026-5196,PO-2026-0555,V-1068,Diyar Imports Group,BV-2022,3000,3000,2026-03-19,Matched (3-way)
GRN-2026-5197,PO-2026-0586,V-1034,Madinah Foods Co LLC,CM-4012,1000,1000,2026-03-11,Matched (3-way)
GRN-2026-5198,PO-2026-0073,V-1097,Kayan Hygiene Ltd,CM-4009,500,494,2026-02-28,Short receipt — match exception
GRN-2026-5199,PO-2026-0161,V-1018,Jamal Trading Co LLC,CM-4019,200,200,23/03/2026,Matched (3-way)
GRN-2026-5200,PO-2026-0133,V-1040,Saudi Wines & Spirits Co LLC,BV-2013,3000,3000,2026-03-02,Matched (3-way)
GRN-2026-5201,PO-2026-0416,V-1125,Saudi Exports Ltd,HH-3013,2000,2000,07/03/2026,Matched (3-way)
GRN-2026-5202,PO-2026-0091,V-1047,Tihama Wines & Spirits Co,BV-2023,3000,3000,2026-03-08,Matched (3-way)
GRN-2026-5203,PO-2026-0123,V-1074,Euphrates Services Ltd,FG-1001,100,100,2026-03-18,Matched (3-way)
GRN-2026-5204,PO-2026-0154,V-1156,Ibn Sina Confectionery Group,BV-2015,100,100,2026-03-06,Matched (3-way)
GRN-2026-5205,PO-2026-0304,V-1151,Lamar Commercial Ltd,BV-2024,1000,1025,2026-03-03,Qty over-receipt — match exception
GRN-2026-5206,PO-2026-0003,V-1172,Amwaj Commercial Company,CM-4014,1000,1000,2026-03-08,Matched (3-way)
GRN-2026-5207,PO-2026-0014,V-1068,Diyar Imports Group,HH-3010,2000,2000,2026-03-16,Matched (3-way)
GRN-2026-5208,PO-2026-0053,V-1011,Dammam Distribution Co,BV-2003,2000,2000,2026-03-16,Matched (3-way)
GRN-2026-5209,PO-2026-0005,V-1075,Bordeaux Enterprises Ltd,FG-1021,500,500,2026-03-17,Matched (3-way)
GRN-2026-5210,PO-2026-0186,V-1205,Al-Faisal Confectionery Co LLC,BV-2012,500,500,2026-03-15,Matched (3-way)
GRN-2026-5211,PO-2026-0202,V-1013,Levant Co Ltd,HH-3007,100,100,2026-03-13,Matched (3-way)
GRN-2026-5212,PO-2026-0482,V-1456,Gulf BioPharma Co,CM-4012,2000,2000,2026-03-08,Matched (3-way)
GRN-2026-5213,PO-2026-0503,V-1068,Diyar Imports Group,HH-3013,5000,5000,2026-03-26,Matched (3-way)
GRN-2026-5214,PO-2026-0198,V-1184,Arkan Supply Chain Co LLC,HH-3015,1500,1500,2026-03-24,Matched (3-way)
GRN-2026-5215,PO-2026-0303,V-1135,Misr Imports Group,BV-2013,5000,5000,2026-03-21,Matched (3-way)
GRN-2026-5216,PO-2026-0506,V-1040,Saudi Wines & Spirits Co LLC,CM-4008,1500,1500,2026-03-13,Matched (3-way)
GRN-2026-5217,PO-2026-0033,V-1070,Bayt Confectionery Co,HH-3024,200,200,11/03/2026,Matched (3-way)
GRN-2026-5218,PO-2026-0079,V-1092,Maghrib Logistics Services Co,CM-4013,4000,4000,2026-03-08,Matched (3-way)
GRN-2026-5219,PO-2026-0099,V-1070,Bayt Confectionery Co,CM-4014,2000,2000,2026-03-29,Matched (3-way)
GRN-2026-5220,PO-2026-0163,V-1190,Arkan Trading Trading LLC,FG-1028,1000,1000,2026-03-23,Matched (3-way)
GRN-2026-5221,PO-2026-0323,V-1043,Mada Foods Co LLC,HH-3007,1500,1500,2026-03-17,Matched (3-way)
GRN-2026-5222,PO-2026-0387,V-1116,Solo Foods Ltd,HH-3020,1500,1500,2026-03-20,Matched (3-way)
GRN-2026-5223,PO-2026-0527,V-1002,Arabian Foods Co LLC,HH-3019,100,100,2026-03-19,Matched (3-way)
GRN-2026-5224,PO-2026-0124,V-1190,Arkan Trading Trading LLC,FG-1016,3000,3000,2026-03-15,Matched (3-way)
GRN-2026-5225,PO-2026-0191,V-1152,Tatweer Commercial Ltd,HH-3019,1000,1000,2026-03-20,Matched (3-way)
GRN-2026-5226,PO-2026-0205,V-1167,Misr Supply Chain Ltd,CM-4016,500,500,2026-03-13,Matched (3-way)
GRN-2026-5227,PO-2026-0097,V-1172,Amwaj Commercial Company,FG-1021,2000,2000,2026-03-26,Matched (3-way)
GRN-2026-5228,PO-2026-0122,V-1138,Arabian Wines & Spirits Group,FG-1002,1000,1000,2026-03-29,Matched (3-way)
GRN-2026-5229,PO-2026-0160,V-1178,Bayt Exports LLC,FG-1017,3000,3000,2026-03-19,Matched (3-way)
GRN-2026-5230,PO-2026-0182,V-1030,Bayt Foods Company,HH-3009,4000,4000,2026-03-26,Matched (3-way)
GRN-2026-5231,PO-2026-0441,V-1152,Tatweer Commercial Ltd,FG-2241,500,500,2026-04-02,Matched (3-way)
GRN-2026-5232,PO-2026-0537,V-1119,Arabian Snacks Company,CM-4006,5000,5000,28/03/2026,Matched (3-way)
GRN-2026-5233,PO-2026-0026,V-1077,Arkan Foodstuff Ltd,FG-1007,1500,1589,30/03/2026,Qty over-receipt — match exception
GRN-2026-5234,PO-2026-0051,V-1194,Watani Manufacturing Ltd,CM-4008,4000,4000,15/03/2026,Matched (3-way)
GRN-2026-5235,PO-2026-0143,V-1126,Quick Wholesale LLC,CM-4014,500,500,2026-03-31,Matched (3-way)
GRN-2026-5236,PO-2026-0463,V-1017,Bin Laden Cosmetics Ltd,HH-3010,1500,1500,2026-04-01,Matched (3-way)
GRN-2026-5237,PO-2026-0598,V-1024,Al-Rajhi Confectionery Co,HH-3024,1500,1500,2026-03-20,Matched (3-way)
GRN-2026-5238,PO-2026-0545,V-1014,Al-Faisal Exports Co,BV-2001,3000,3000,16/03/2026,Matched (3-way)
GRN-2026-5239,PO-2026-0086,V-1154,Maghrib Cosmetics LLC,CM-4019,1500,1500,2026-03-28,Matched (3-way)
GRN-2026-5240,PO-2026-0173,V-1074,Euphrates Services Ltd,HH-3003,4000,4098,2026-03-14,Qty over-receipt — match exception
GRN-2026-5241,PO-2026-0291,V-1000,Arkan Snacks Co LLC,FG-1005,500,500,2026-03-18,Matched (3-way)
GRN-2026-5242,PO-2026-0379,V-1009,Bordeaux Cleaning Company,FG-1011,2000,2000,2026-03-13,Matched (3-way)
GRN-2026-5243,PO-2026-0105,V-1022,Faridi Cleaning Trading LLC,CM-4007,2000,2000,2026-03-22,Matched (3-way)
GRN-2026-5244,PO-2026-0162,V-1066,Al-Faisal Confectionery Ltd,FG-1030,100,100,2026-03-14,Matched (3-way)
GRN-2026-5245,PO-2026-0092,V-1048,Tigris Confectionery Co,FG-1010,100,100,2026-03-19,Matched (3-way)
GRN-2026-5246,PO-2026-0104,V-1138,Arabian Wines & Spirits Group,BV-2005,1000,1000,2026-04-05,Matched (3-way)
GRN-2026-5247,PO-2026-0437,V-1109,Al-Faisal Foods Ltd,BV-2016,800,800,2026-03-18,Matched (3-way)
GRN-2026-5248,PO-2026-0462,V-1192,Asir Co Ltd,HH-3009,100,100,2026-03-28,Matched (3-way)
GRN-2026-5249,PO-2026-0116,V-1043,Mada Foods Co LLC,FG-1028,200,200,2026-03-26,Matched (3-way)
GRN-2026-5250,PO-2026-0137,V-1122,Desert Packaging Company,BV-2003,200,200,2026-03-31,Matched (3-way)
GRN-2026-5251,PO-2026-0248,V-1456,Gulf BioPharma Co,BV-2024,500,500,2026-03-20,Matched (3-way)
GRN-2026-5252,PO-2026-0212,V-1073,Bayt Confectionery Ltd,FG-1004,100,100,2026-03-20,Matched (3-way)
GRN-2026-5253,PO-2026-0337,V-1182,Diyar Hygiene Ltd,CM-4009,1000,1000,2026-04-01,Matched (3-way)
GRN-2026-5254,PO-2026-0595,V-1098,Jeddah Dairy Group,BV-2023,800,800,2026-03-17,Matched (3-way)
GRN-2026-5255,PO-2026-0109,V-1204,Misr Confectionery Ltd,BV-2010,500,518,02/04/2026,Qty over-receipt — match exception
GRN-2026-5256,PO-2026-0114,V-1024,Al-Rajhi Confectionery Co,CM-4002,2000,2000,2026-03-22,Matched (3-way)
GRN-2026-5257,PO-2026-0266,V-1126,Quick Wholesale LLC,FG-1010,800,800,2026-04-07,Matched (3-way)
GRN-2026-5258,PO-2026-0196,V-1161,Tabuk Services Co,CM-4017,4000,4000,2026-03-28,Matched (3-way)
GRN-2026-5259,PO-2026-0095,V-1084,Jamal Supply Chain Co LLC,CM-4005,3000,3000,26/03/2026,Matched (3-way)
GRN-2026-5260,PO-2026-0404,V-1068,Diyar Imports Group,BV-2017,5000,5000,2026-03-24,Matched (3-way)
GRN-2026-5261,PO-2026-0067,V-1009,Bordeaux Cleaning Company,HH-3016,200,200,2026-03-30,Matched (3-way)
GRN-2026-5262,PO-2026-0472,V-1033,Al-Rajhi Foods Co,HH-3018,3000,3000,2026-04-04,Matched (3-way)
GRN-2026-5263,PO-2026-0546,V-1002,Arabian Foods Co LLC,FG-1026,1500,1500,2026-04-01,Matched (3-way)
GRN-2026-5264,PO-2026-0481,V-1060,Arkan Services Co,FG-1004,500,500,2026-03-22,Matched (3-way)
GRN-2026-5265,PO-2026-0130,V-1066,Al-Faisal Confectionery Ltd,BV-2021,4000,4000,2026-03-23,Matched (3-way)
GRN-2026-5266,PO-2026-0167,V-1077,Arkan Foodstuff Ltd,FG-1009,2000,2000,2026-03-25,Matched (3-way)
GRN-2026-5267,PO-2026-0213,V-1130,Diyar Print Services Company,CM-4017,4000,4000,2026-03-31,Matched (3-way)
GRN-2026-5268,PO-2026-0406,V-1021,Quick Enterprises Company,BV-2009,2000,2000,2026-03-30,Matched (3-way)
GRN-2026-5269,PO-2026-0449,V-1077,Arkan Foodstuff Ltd,BV-2015,1000,1000,04/04/2026,Matched (3-way)
GRN-2026-5270,PO-2026-0450,V-1094,Arabian Wholesale Co LLC,CM-4010,200,200,2026-04-05,Matched (3-way)
GRN-2026-5271,PO-2026-0139,V-1099,Tabuk Distribution Trading LLC,CM-4003,4000,4000,2026-04-16,Matched (3-way)
GRN-2026-5272,PO-2026-0199,V-1080,Oasis Commercial Trading LLC,BV-2009,4000,4000,2026-04-02,Matched (3-way)
GRN-2026-5273,PO-2026-0083,V-1082,Sulaiman Enterprises Group,FG-1024,500,500,2026-03-28,Matched (3-way)
GRN-2026-5274,PO-2026-0166,V-1191,Tigris Foodstuff Ltd,FG-1027,4000,4000,2026-03-25,Matched (3-way)
GRN-2026-5275,PO-2026-0526,V-1050,Solo Commercial Ltd,HH-3011,200,200,2026-03-25,Matched (3-way)
GRN-2026-5276,PO-2026-0052,V-1104,Maghrib Manufacturing Co,BV-2006,3000,3000,2026-03-31,Matched (3-way)
GRN-2026-5277,PO-2026-0118,V-1032,Tigris Snacks Group,BV-2001,1000,1000,16/04/2026,Matched (3-way)
GRN-2026-5278,PO-2026-0415,V-1160,Al-Faisal Foodstuff Co LLC,FG-1008,100,100,2026-04-04,Matched (3-way)
GRN-2026-5279,PO-2026-0352,V-1031,Noor Snacks Ltd,HH-3013,3000,3000,2026-04-12,Matched (3-way)
GRN-2026-5280,PO-2026-0357,V-1032,Tigris Snacks Group,FG-1013,200,200,2026-04-01,Matched (3-way)
GRN-2026-5281,PO-2026-0024,V-1047,Tihama Wines & Spirits Co,BV-2003,500,500,2026-04-02,Matched (3-way)
GRN-2026-5282,PO-2026-0046,V-1163,Tabuk Group Company,HH-3016,4000,4276,2026-04-19,Qty over-receipt — match exception
GRN-2026-5283,PO-2026-0135,V-1019,Mediterranean Cleaning LLC,HH-3005,500,500,2026-04-13,Matched (3-way)
GRN-2026-5284,PO-2026-0455,V-1023,Misr Pharma Products Co LLC,BV-2016,3000,3177,2026-04-08,Qty over-receipt — match exception
GRN-2026-5285,PO-2026-0501,V-1041,Sahara Distribution Ltd,BV-2024,1500,1458,2026-04-13,Short receipt — match exception
GRN-2026-5286,PO-2026-0539,V-1149,Euphrates Marketing LLC,CM-4004,1000,1000,2026-04-09,Matched (3-way)
GRN-2026-5287,PO-2026-0150,V-1124,Tabuk Dairy Co,BV-2007,3000,2761,2026-03-30,Short receipt — match exception
GRN-2026-5288,PO-2026-0471,V-1198,Euphrates Group LLC,FG-1024,1000,1000,2026-04-11,Matched (3-way)
GRN-2026-5289,PO-2026-0021,V-1144,Arabian Co Company,CM-4011,200,200,2026-04-03,Matched (3-way)
GRN-2026-5290,PO-2026-0087,V-1173,Arkan Supply Chain Company,FG-1020,100,100,2026-04-10,Matched (3-way)
GRN-2026-5291,PO-2026-0126,V-1166,Noor Print Services Group,CM-4005,3000,3000,2026-04-16,Matched (3-way)
GRN-2026-5292,PO-2026-0249,V-1113,Al-Faisal Beverages LLC,BV-2024,800,800,2026-04-05,Matched (3-way)
GRN-2026-5293,PO-2026-0388,V-1126,Quick Wholesale LLC,CM-4019,2000,2000,2026-04-19,Matched (3-way)
GRN-2026-5294,PO-2026-0509,V-1067,Bordeaux Manufacturing Group,CM-4003,500,500,2026-04-23,Matched (3-way)
GRN-2026-5295,PO-2026-0006,V-1194,Watani Manufacturing Ltd,HH-3023,1000,1000,07/04/2026,Matched (3-way)
GRN-2026-5296,PO-2026-0203,V-1034,Madinah Foods Co LLC,BV-2024,1500,1500,02/04/2026,Matched (3-way)
GRN-2026-5297,PO-2026-0098,V-1047,Tihama Wines & Spirits Co,BV-2014,1000,1000,2026-04-23,Matched (3-way)
GRN-2026-5298,PO-2026-0434,V-1066,Al-Faisal Confectionery Ltd,BV-2017,3000,3000,04/04/2026,Matched (3-way)
GRN-2026-5299,PO-2026-0448,V-1167,Misr Supply Chain Ltd,HH-3019,2000,2000,2026-04-25,Matched (3-way)
GRN-2026-5300,PO-2026-0401,V-1062,Riyadh Co Ltd,BV-2005,1000,988,2026-04-26,Short receipt — match exception
GRN-2026-5301,PO-2026-0032,V-1106,Oasis Manufacturing Co,FG-1028,100,100,2026-04-19,Matched (3-way)
GRN-2026-5302,PO-2026-0093,V-1061,Al-Rajhi Marketing LLC,BV-2017,500,500,2026-04-17,Matched (3-way)
GRN-2026-5303,PO-2026-0050,V-1045,Tatweer Commercial LLC,FG-1017,2000,2000,2026-04-19,Matched (3-way)
GRN-2026-5304,PO-2026-0112,V-1205,Al-Faisal Confectionery Co LLC,CM-4012,3000,3000,2026-04-19,Matched (3-way)
GRN-2026-5305,PO-2026-0192,V-1045,Tatweer Commercial LLC,BV-2021,3000,3000,2026-04-23,Matched (3-way)
GRN-2026-5306,PO-2026-0343,V-1128,Riyadh Confectionery Ltd,FG-1022,100,100,2026-04-15,Matched (3-way)
GRN-2026-5307,PO-2026-0354,V-1202,Al-Faisal Exports Co LLC,FG-1030,2000,2000,2026-04-13,Matched (3-way)
GRN-2026-5308,PO-2026-0490,V-1129,Arkan Cleaning Trading LLC,BV-2016,3000,3000,2026-04-24,Matched (3-way)
GRN-2026-5309,PO-2026-0072,V-1005,Arabian Confectionery Co LLC,FG-1030,1500,1500,19/04/2026,Matched (3-way)
GRN-2026-5310,PO-2026-0119,V-1127,Dar Marketing Group,BV-2024,100,100,2026-04-20,Matched (3-way)
GRN-2026-5311,PO-2026-0008,V-1205,Al-Faisal Confectionery Co LLC,HH-3016,3000,3000,2026-04-08,Matched (3-way)
GRN-2026-5312,PO-2026-0037,V-1001,Faridi Cosmetics LLC,CM-4005,2000,2000,2026-04-26,Matched (3-way)
GRN-2026-5313,PO-2026-0171,V-1083,Hijaz Holdings Co LLC,BV-2009,500,500,2026-04-11,Matched (3-way)
GRN-2026-5314,PO-2026-0376,V-1143,Hijaz Print Services Group,FG-1028,800,800,2026-04-22,Matched (3-way)
GRN-2026-5315,PO-2026-0560,V-1127,Dar Marketing Group,CM-4001,100,93,2026-04-16,Short receipt — match exception
GRN-2026-5316,PO-2026-0042,V-1007,Tatweer Holdings Co,CM-4017,3000,3000,2026-04-16,Matched (3-way)
GRN-2026-5317,PO-2026-0043,V-1098,Jeddah Dairy Group,FG-1003,100,100,2026-04-30,Matched (3-way)
GRN-2026-5318,PO-2026-0195,V-1136,Premier Cleaning Group,FG-1026,500,500,20/04/2026,Matched (3-way)
GRN-2026-5319,PO-2026-0215,V-1179,Bayt Enterprises Co LLC,BV-2017,2000,2000,29/04/2026,Matched (3-way)
GRN-2026-5320,PO-2026-0523,V-1000,Arkan Snacks Co LLC,BV-2004,1000,1000,2026-04-24,Matched (3-way)
GRN-2026-5321,PO-2026-0569,V-1074,Euphrates Services Ltd,FG-1013,800,800,2026-04-18,Matched (3-way)
GRN-2026-5322,PO-2026-0029,V-1190,Arkan Trading Trading LLC,FG-1025,1500,1500,2026-04-11,Matched (3-way)
GRN-2026-5323,PO-2026-0041,V-1195,Asir Trading LLC,CM-4019,100,100,2026-04-22,Matched (3-way)
GRN-2026-5324,PO-2026-0255,V-1092,Maghrib Logistics Services Co,BV-2017,3000,3000,2026-04-29,Matched (3-way)
GRN-2026-5325,PO-2026-0058,V-1131,Maghrib Cleaning Co,FG-1025,200,200,2026-04-18,Matched (3-way)
GRN-2026-5326,PO-2026-0088,V-1087,Khaleej Materials Trading Co LLC,FG-1027,4000,4000,2026-05-04,Matched (3-way)
GRN-2026-5327,PO-2026-0094,V-1188,Arkan Packaging LLC,BV-2022,1500,1500,2026-04-22,Matched (3-way)
GRN-2026-5328,PO-2026-0427,V-1026,Olaya Materials Trading Ltd,FG-1012,500,500,2026-05-02,Matched (3-way)
GRN-2026-5329,PO-2026-0464,V-1171,Najd Imports Company,CM-4016,1000,1061,2026-05-02,Qty over-receipt — match exception
GRN-2026-5330,PO-2026-0039,V-1118,Diyar Foods LLC,CM-4006,1000,1000,2026-04-21,Matched (3-way)
GRN-2026-5331,PO-2026-0076,V-1047,Tihama Wines & Spirits Co,BV-2024,1000,1000,15/04/2026,Matched (3-way)
GRN-2026-5332,PO-2026-0561,V-1099,Tabuk Distribution Trading LLC,BV-2022,200,200,2026-04-27,Matched (3-way)
GRN-2026-5333,PO-2026-0596,V-1186,Sulaiman Group Co LLC,FG-1023,2000,2000,24/04/2026,Matched (3-way)
GRN-2026-5334,PO-2026-0075,V-1025,Oasis Solutions Trading LLC,CM-4004,3000,3000,2026-04-30,Matched (3-way)
GRN-2026-5335,PO-2026-0408,V-1019,Mediterranean Cleaning LLC,FG-1029,5000,5000,2026-04-22,Matched (3-way)
GRN-2026-5336,PO-2026-0027,V-1157,Jeddah International Group,CM-4003,3000,3000,2026-04-27,Matched (3-way)
GRN-2026-5337,PO-2026-0056,V-1091,Falcon Distribution Trading LLC,FG-1003,500,500,2026-04-18,Matched (3-way)
GRN-2026-5338,PO-2026-0412,V-1125,Saudi Exports Ltd,CM-4003,500,500,2026-04-27,Matched (3-way)
GRN-2026-5339,PO-2026-0460,V-1138,Arabian Wines & Spirits Group,HH-3018,1000,1000,2026-05-07,Matched (3-way)
GRN-2026-5340,PO-2026-0218,V-1456,Gulf BioPharma Co,FG-2241,4200,4200,2026-05-07,Matched (3-way)
GRN-2026-5341,PO-2026-0362,V-1161,Tabuk Services Co,CM-4004,800,800,2026-05-03,Matched (3-way)
GRN-2026-5342,PO-2026-0344,V-1007,Tatweer Holdings Co,CM-4002,2000,2000,06/05/2026,Matched (3-way)
GRN-2026-5343,PO-2026-0374,V-1130,Diyar Print Services Company,FG-2241,200,200,2026-04-25,Matched (3-way)
GRN-2026-5344,PO-2026-0563,V-1152,Tatweer Commercial Ltd,HH-3011,2000,2000,2026-05-06,Matched (3-way)
GRN-2026-5345,PO-2026-0554,V-1183,Dar Co Ltd,CM-4007,200,200,29/04/2026,Matched (3-way)
GRN-2026-5346,PO-2026-0238,V-1049,Mediterranean Wines & Spirits Trading LLC,BV-2007,500,500,2026-04-22,Matched (3-way)
GRN-2026-5347,PO-2026-0340,V-1120,Premier International Group,CM-4006,800,751,2026-04-26,Short receipt — match exception
GRN-2026-5348,PO-2026-0221,V-1020,Al-Rajhi Packaging Ltd,CM-4002,1000,1000,2026-05-11,Matched (3-way)
GRN-2026-5349,PO-2026-0237,V-1091,Falcon Distribution Trading LLC,FG-1010,100,100,2026-04-19,Matched (3-way)
GRN-2026-5350,PO-2026-0414,V-1027,Ibn Sina Exports Group,FG-1029,200,200,2026-04-23,Matched (3-way)
GRN-2026-5351,PO-2026-0486,V-1041,Sahara Distribution Ltd,HH-3013,500,500,2026-04-20,Matched (3-way)
GRN-2026-5352,PO-2026-0219,V-1041,Sahara Distribution Ltd,CM-4019,100,100,2026-04-27,Matched (3-way)
GRN-2026-5353,PO-2026-0314,V-1105,Amwaj Marketing Company,FG-1013,800,800,2026-04-20,Matched (3-way)
GRN-2026-5354,PO-2026-0224,V-1058,Desert Cleaning Co LLC,HH-3015,1000,1000,2026-04-21,Matched (3-way)
GRN-2026-5355,PO-2026-0243,V-1188,Arkan Packaging LLC,CM-4002,1000,1000,2026-05-10,Matched (3-way)
GRN-2026-5356,PO-2026-0245,V-1018,Jamal Trading Co LLC,FG-1026,500,500,2026-05-03,Matched (3-way)
GRN-2026-5357,PO-2026-0465,V-1007,Tatweer Holdings Co,FG-1014,2000,2000,2026-05-13,Matched (3-way)
GRN-2026-5358,PO-2026-0220,V-1014,Al-Faisal Exports Co,FG-1021,200,200,2026-05-04,Matched (3-way)
GRN-2026-5359,PO-2026-0229,V-1170,Madinah Wholesale Ltd,HH-3016,1000,1000,2026-04-25,Matched (3-way)
GRN-2026-5360,PO-2026-0222,V-1014,Al-Faisal Exports Co,CM-4007,200,200,2026-04-26,Matched (3-way)
GRN-2026-5361,PO-2026-0246,V-1072,Lamar Hygiene Trading LLC,HH-3007,500,500,10/05/2026,Matched (3-way)
GRN-2026-5362,PO-2026-0492,V-1109,Al-Faisal Foods Ltd,FG-1028,5000,5000,2026-04-30,Matched (3-way)
GRN-2026-5363,PO-2026-0518,V-1157,Jeddah International Group,FG-1008,100,100,2026-05-13,Matched (3-way)
GRN-2026-5364,PO-2026-0226,V-1141,Mada Industries Co,HH-3007,500,500,2026-05-08,Matched (3-way)
GRN-2026-5365,PO-2026-0242,V-1180,Bordeaux Foods Co,FG-1030,500,500,2026-04-29,Matched (3-way)
GRN-2026-5366,PO-2026-0256,V-1066,Al-Faisal Confectionery Ltd,CM-4001,1000,1000,2026-05-15,Matched (3-way)
GRN-2026-5367,PO-2026-0452,V-1122,Desert Packaging Company,HH-3013,100,100,2026-05-01,Matched (3-way)
GRN-2026-5368,PO-2026-0230,V-1055,Noor Manufacturing Group,HH-3019,200,200,2026-05-18,Matched (3-way)
GRN-2026-5369,PO-2026-0259,V-1166,Noor Print Services Group,FG-1008,3000,3000,2026-05-10,Matched (3-way)
GRN-2026-5370,PO-2026-0283,V-1180,Bordeaux Foods Co,BV-2017,100,100,2026-04-26,Matched (3-way)
GRN-2026-5371,PO-2026-0410,V-1092,Maghrib Logistics Services Co,CM-4007,800,723,2026-04-29,Short receipt — match exception
GRN-2026-5372,PO-2026-0223,V-1136,Premier Cleaning Group,HH-3012,200,200,2026-05-08,Matched (3-way)
GRN-2026-5373,PO-2026-0225,V-1101,Levant Cleaning Trading LLC,FG-1028,3000,3000,28/04/2026,Matched (3-way)
GRN-2026-5374,PO-2026-0232,V-1123,Faridi Packaging Company,HH-3013,1000,1027,2026-05-10,Qty over-receipt — match exception
GRN-2026-5375,PO-2026-0235,V-1128,Riyadh Confectionery Ltd,FG-1011,200,200,2026-05-10,Matched (3-way)
GRN-2026-5376,PO-2026-0241,V-1186,Sulaiman Group Co LLC,FG-1017,3000,3000,05/05/2026,Matched (3-way)
GRN-2026-5377,PO-2026-0272,V-1126,Quick Wholesale LLC,FG-1030,100,100,2026-05-01,Matched (3-way)
GRN-2026-5378,PO-2026-0227,V-1106,Oasis Manufacturing Co,FG-1023,500,453,2026-05-12,Short receipt — match exception
GRN-2026-5379,PO-2026-0228,V-1162,Tatweer Marketing Co,HH-3018,200,200,2026-04-29,Matched (3-way)
GRN-2026-5380,PO-2026-0234,V-1029,Olaya Hygiene LLC,BV-2012,500,500,2026-05-10,Matched (3-way)
GRN-2026-5381,PO-2026-0240,V-1112,Watani Solutions Company,FG-1006,500,465,2026-05-09,Short receipt — match exception
GRN-2026-5382,PO-2026-0244,V-1098,Jeddah Dairy Group,FG-1013,500,500,17/05/2026,Matched (3-way)
GRN-2026-5383,PO-2026-0438,V-1079,Ibn Sina Materials Trading Ltd,FG-1030,800,800,2026-05-01,Matched (3-way)
GRN-2026-5384,PO-2026-0474,V-1190,Arkan Trading Trading LLC,HH-3010,1500,1500,2026-05-06,Matched (3-way)
GRN-2026-5385,PO-2026-0579,V-1096,Oasis Exports Trading LLC,BV-2018,1500,1500,2026-04-29,Matched (3-way)
GRN-2026-5386,PO-2026-0231,V-1132,Mawared Snacks Group,BV-2005,1000,1000,2026-05-21,Matched (3-way)
GRN-2026-5387,PO-2026-0233,V-1201,Jamal Marketing Co,FG-1016,200,200,2026-05-02,Matched (3-way)
GRN-2026-5388,PO-2026-0239,V-1095,Tihama Wines & Spirits LLC,HH-3018,200,200,2026-05-01,Matched (3-way)
GRN-2026-5389,PO-2026-0247,V-1456,Gulf BioPharma Co,FG-2241,3400,3400,2026-05-09,Matched (3-way)
GRN-2026-5390,PO-2026-0395,V-1204,Misr Confectionery Ltd,FG-1028,500,500,2026-05-23,Matched (3-way)
GRN-2026-5391,PO-2026-0418,V-1169,Sahara Confectionery Group,HH-3024,3000,3000,2026-05-11,Matched (3-way)
GRN-2026-5392,PO-2026-0485,V-1026,Olaya Materials Trading Ltd,HH-3004,200,200,2026-05-06,Matched (3-way)
GRN-2026-5393,PO-2026-0253,V-1098,Jeddah Dairy Group,FG-1015,5000,5000,20/05/2026,Matched (3-way)
GRN-2026-5394,PO-2026-0292,V-1003,Saudi Pharma Suppliers Co,BV-2013,3000,3000,2026-05-18,Matched (3-way)
GRN-2026-5395,PO-2026-0294,V-1113,Al-Faisal Beverages LLC,CM-4007,1000,1000,2026-05-25,Matched (3-way)
GRN-2026-5396,PO-2026-0461,V-1031,Noor Snacks Ltd,FG-1007,5000,5000,2026-05-10,Matched (3-way)
GRN-2026-5397,PO-2026-0583,V-1105,Amwaj Marketing Company,HH-3007,100,100,2026-05-18,Matched (3-way)
GRN-2026-5398,PO-2026-0280,V-1008,Levant Hygiene Ltd,HH-3007,3000,3000,2026-05-08,Matched (3-way)
GRN-2026-5399,PO-2026-0358,V-1097,Kayan Hygiene Ltd,CM-4008,200,200,2026-05-15,Matched (3-way)
GRN-2026-5400,PO-2026-0428,V-1152,Tatweer Commercial Ltd,HH-3024,1500,1500,2026-05-15,Matched (3-way)
GRN-2026-5401,PO-2026-0541,V-1086,Khaleej Confectionery Company,FG-1016,200,200,2026-05-20,Matched (3-way)
GRN-2026-5402,PO-2026-0330,V-1050,Solo Commercial Ltd,BV-2012,800,800,2026-05-22,Matched (3-way)
GRN-2026-5403,PO-2026-0334,V-1021,Quick Enterprises Company,HH-3019,800,800,2026-05-05,Matched (3-way)
GRN-2026-5404,PO-2026-0454,V-1019,Mediterranean Cleaning LLC,CM-4019,200,204,2026-05-19,Qty over-receipt — match exception
GRN-2026-5405,PO-2026-0293,V-1198,Euphrates Group LLC,HH-3003,2000,2000,2026-05-17,Matched (3-way)
GRN-2026-5406,PO-2026-0361,V-1099,Tabuk Distribution Trading LLC,BV-2023,100,100,2026-05-24,Matched (3-way)
GRN-2026-5407,PO-2026-0429,V-1029,Olaya Hygiene LLC,HH-3015,200,200,2026-05-08,Matched (3-way)
GRN-2026-5408,PO-2026-0329,V-1003,Saudi Pharma Suppliers Co,CM-4017,3000,3000,2026-05-27,Matched (3-way)
GRN-2026-5409,PO-2026-0338,V-1044,Euphrates Foodstuff Group,HH-3020,800,800,2026-05-20,Matched (3-way)
GRN-2026-5410,PO-2026-0442,V-1011,Dammam Distribution Co,HH-3009,1500,1500,2026-05-26,Matched (3-way)
GRN-2026-5411,PO-2026-0529,V-1073,Bayt Confectionery Ltd,FG-1012,100,100,2026-05-12,Matched (3-way)
GRN-2026-5412,PO-2026-0276,V-1172,Amwaj Commercial Company,HH-3008,5000,5000,16/05/2026,Matched (3-way)
GRN-2026-5413,PO-2026-0317,V-1192,Asir Co Ltd,CM-4014,1500,1500,2026-05-21,Matched (3-way)
GRN-2026-5414,PO-2026-0459,V-1036,Nile Marketing LLC,CM-4019,800,800,2026-05-27,Matched (3-way)
GRN-2026-5415,PO-2026-0556,V-1040,Saudi Wines & Spirits Co LLC,CM-4018,200,200,2026-05-13,Matched (3-way)
GRN-2026-5416,PO-2026-0422,V-1044,Euphrates Foodstuff Group,BV-2024,3000,3000,2026-05-13,Matched (3-way)
GRN-2026-5417,PO-2026-0262,V-1024,Al-Rajhi Confectionery Co,FG-1028,5000,5000,2026-06-03,Matched (3-way)
GRN-2026-5418,PO-2026-0335,V-1188,Arkan Packaging LLC,FG-1023,100,100,2026-05-19,Matched (3-way)
GRN-2026-5419,PO-2026-0516,V-1122,Desert Packaging Company,HH-3011,5000,5000,2026-05-17,Matched (3-way)
GRN-2026-5420,PO-2026-0371,V-1195,Asir Trading LLC,FG-1024,1000,1000,2026-06-04,Matched (3-way)
GRN-2026-5421,PO-2026-0278,V-1009,Bordeaux Cleaning Company,FG-1007,800,800,2026-05-25,Matched (3-way)
GRN-2026-5422,PO-2026-0390,V-1050,Solo Commercial Ltd,CM-4008,200,200,2026-05-19,Matched (3-way)
GRN-2026-5423,PO-2026-0313,V-1166,Noor Print Services Group,HH-3005,1500,1500,2026-06-11,Matched (3-way)
GRN-2026-5424,PO-2026-0564,V-1060,Arkan Services Co,BV-2019,800,800,2026-06-09,Matched (3-way)
GRN-2026-5425,PO-2026-0386,V-1047,Tihama Wines & Spirits Co,BV-2006,1500,1500,2026-06-07,Matched (3-way)
GRN-2026-5426,PO-2026-0423,V-1053,Sahara Co Company,FG-1005,200,200,2026-06-01,Matched (3-way)
GRN-2026-5427,PO-2026-0269,V-1114,Al-Rajhi Materials Trading Ltd,FG-1014,500,500,08/06/2026,Matched (3-way)
GRN-2026-5428,PO-2026-0319,V-1185,Mada Packaging Company,HH-3020,500,500,2026-06-05,Matched (3-way)
GRN-2026-5429,PO-2026-0393,V-1193,Tatweer Logistics Services LLC,FG-1011,500,500,2026-06-07,Matched (3-way)
GRN-2026-5430,PO-2026-0458,V-1163,Tabuk Group Company,FG-1029,2000,2000,2026-06-14,Matched (3-way)
GRN-2026-5431,PO-2026-0260,V-1137,Kayan Dairy Co LLC,BV-2018,5000,4641,2026-06-07,Short receipt — match exception
GRN-2026-5432,PO-2026-0515,V-1124,Tabuk Dairy Co,BV-2016,3000,3000,2026-06-09,Matched (3-way)
GRN-2026-5433,PO-2026-0567,V-1123,Faridi Packaging Company,HH-3020,500,523,2026-06-18,Qty over-receipt — match exception
GRN-2026-5434,PO-2026-0590,V-1171,Najd Imports Company,BV-2019,500,500,2026-06-07,Matched (3-way)
GRN-2026-5435,PO-2026-0351,V-1190,Arkan Trading Trading LLC,HH-3021,1000,1000,2026-05-28,Matched (3-way)
GRN-2026-5436,PO-2026-0268,V-1050,Solo Commercial Ltd,CM-4006,2000,2000,2026-06-14,Matched (3-way)
GRN-2026-5437,PO-2026-0435,V-1061,Al-Rajhi Marketing LLC,CM-4006,1500,1500,2026-06-12,Matched (3-way)
GRN-2026-5438,PO-2026-0277,V-1081,Kayan Commercial Co,BV-2009,500,500,2026-06-01,Matched (3-way)
GRN-2026-5439,PO-2026-0384,V-1113,Al-Faisal Beverages LLC,FG-1025,5000,5000,2026-06-15,Matched (3-way)
GRN-2026-5440,PO-2026-0399,V-1106,Oasis Manufacturing Co,CM-4008,1500,1499,2026-06-20,Short receipt — match exception
GRN-2026-5441,PO-2026-0308,V-1198,Euphrates Group LLC,BV-2012,100,100,2026-06-13,Matched (3-way)
GRN-2026-5442,PO-2026-0457,V-1143,Hijaz Print Services Group,FG-1016,200,200,2026-06-09,Matched (3-way)
GRN-2026-5443,PO-2026-0562,V-1047,Tihama Wines & Spirits Co,BV-2012,1500,1500,2026-06-18,Matched (3-way)
GRN-2026-5444,PO-2026-0453,V-1107,Faridi Marketing Trading LLC,BV-2018,1500,1500,2026-06-12,Matched (3-way)
GRN-2026-5445,PO-2026-0469,V-1133,Kayan Hygiene Co LLC,BV-2012,500,500,2026-06-08,Matched (3-way)
GRN-2026-5446,PO-2026-0473,V-1084,Jamal Supply Chain Co LLC,HH-3013,800,800,2026-06-16,Matched (3-way)
GRN-2026-5447,PO-2026-0495,V-1193,Tatweer Logistics Services LLC,BV-2003,100,100,2026-06-16,Matched (3-way)
GRN-2026-5448,PO-2026-0589,V-1140,Falcon Cosmetics LLC,CM-4017,100,100,2026-06-06,Matched (3-way)
GRN-2026-5449,PO-2026-0336,V-1071,Sulaiman Cleaning Group,CM-4018,1000,1000,2026-06-06,Matched (3-way)
GRN-2026-5450,PO-2026-0445,V-1017,Bin Laden Cosmetics Ltd,BV-2018,1500,1500,2026-06-10,Matched (3-way)
GRN-2026-5451,PO-2026-0512,V-1121,Watani Group LLC,HH-3011,5000,5000,2026-06-22,Matched (3-way)
GRN-2026-5452,PO-2026-0517,V-1141,Mada Industries Co,BV-2009,3000,3000,2026-06-13,Matched (3-way)
GRN-2026-5453,PO-2026-0302,V-1064,Mada Industries Trading LLC,HH-3012,500,455,2026-06-20,Short receipt — match exception
GRN-2026-5454,PO-2026-0316,V-1022,Faridi Cleaning Trading LLC,CM-4005,3000,3000,2026-06-10,Matched (3-way)
GRN-2026-5455,PO-2026-0571,V-1104,Maghrib Manufacturing Co,CM-4005,1500,1500,2026-06-30,Matched (3-way)
GRN-2026-5456,PO-2026-0289,V-1069,Amwaj Supply Chain LLC,CM-4013,1000,1000,2026-06-20,Matched (3-way)
GRN-2026-5457,PO-2026-0296,V-1132,Mawared Snacks Group,BV-2012,1500,1500,2026-06-17,Matched (3-way)
GRN-2026-5458,PO-2026-0364,V-1153,Hijaz Pharma Solutions Co,HH-3023,5000,5000,2026-06-14,Matched (3-way)
GRN-2026-5459,PO-2026-0532,V-1143,Hijaz Print Services Group,BV-2021,500,500,2026-06-17,Matched (3-way)
GRN-2026-5460,PO-2026-0321,V-1086,Khaleej Confectionery Company,BV-2006,800,800,2026-06-15,Matched (3-way)
GRN-2026-5461,PO-2026-0487,V-1037,Premier Industries Co,HH-3011,200,200,2026-06-14,Matched (3-way)
GRN-2026-5462,PO-2026-0508,V-1036,Nile Marketing LLC,FG-1017,1500,1500,2026-06-14,Matched (3-way)
GRN-2026-5463,PO-2026-0575,V-1175,Desert Manufacturing Co,FG-1012,5000,4577,2026-07-03,Short receipt — match exception
GRN-2026-5464,PO-2026-0417,V-1022,Faridi Cleaning Trading LLC,CM-4007,5000,5000,2026-07-03,Matched (3-way)
GRN-2026-5465,PO-2026-0475,V-1191,Tigris Foodstuff Ltd,FG-1010,1500,1500,2026-07-03,Matched (3-way)
GRN-2026-5466,PO-2026-0531,V-1074,Euphrates Services Ltd,CM-4005,1000,1000,2026-06-25,Matched (3-way)
GRN-2026-5467,PO-2026-0551,V-1061,Al-Rajhi Marketing LLC,FG-1016,500,500,2026-06-20,Matched (3-way)
GRN-2026-5468,PO-2026-0311,V-1015,Misr Holdings Group,BV-2012,5000,5000,2026-07-04,Matched (3-way)
GRN-2026-5469,PO-2026-0426,V-1184,Arkan Supply Chain Co LLC,BV-2018,200,200,2026-06-27,Matched (3-way)
GRN-2026-5470,PO-2026-0534,V-1084,Jamal Supply Chain Co LLC,HH-3005,500,500,2026-07-03,Matched (3-way)
GRN-2026-5471,PO-2026-0552,V-1141,Mada Industries Co,HH-3019,1500,1500,2026-06-27,Matched (3-way)
GRN-2026-5472,PO-2026-0519,V-1183,Dar Co Ltd,BV-2017,500,500,2026-06-29,Matched (3-way)
GRN-2026-5473,PO-2026-0470,V-1078,Mediterranean Pharma Trading LLC,FG-1028,2000,2000,2026-06-26,Matched (3-way)
GRN-2026-5474,PO-2026-0348,V-1123,Faridi Packaging Company,FG-1019,500,500,2026-06-24,Matched (3-way)
GRN-2026-5475,PO-2026-0456,V-1133,Kayan Hygiene Co LLC,HH-3016,200,200,2026-06-25,Matched (3-way)
GRN-2026-5476,PO-2026-0346,V-1164,Mada Services Ltd,BV-2008,3000,3036,2026-06-23,Qty over-receipt — match exception
GRN-2026-5477,PO-2026-0599,V-1077,Arkan Foodstuff Ltd,BV-2003,5000,5000,2026-06-22,Matched (3-way)
GRN-2026-5478,PO-2026-0252,V-1037,Premier Industries Co,FG-1009,500,518,23/06/2026,Qty over-receipt — match exception
GRN-2026-5479,PO-2026-0373,V-1000,Arkan Snacks Co LLC,FG-1021,100,100,2026-07-02,Matched (3-way)
GRN-2026-5480,PO-2026-0299,V-1024,Al-Rajhi Confectionery Co,HH-3015,800,800,2026-06-22,Matched (3-way)
GRN-2026-5481,PO-2026-0279,V-1003,Saudi Pharma Suppliers Co,FG-1020,500,500,2026-07-18,Matched (3-way)
GRN-2026-5482,PO-2026-0356,V-1129,Arkan Cleaning Trading LLC,FG-1005,1500,1500,2026-07-18,Matched (3-way)
GRN-2026-5483,PO-2026-0288,V-1099,Tabuk Distribution Trading LLC,HH-3009,100,100,2026-07-04,Matched (3-way)
GRN-2026-5484,PO-2026-0372,V-1110,Premier Manufacturing Group,FG-1030,100,100,2026-07-05,Matched (3-way)
GRN-2026-5485,PO-2026-0494,V-1120,Premier International Group,HH-3013,5000,5000,2026-07-17,Matched (3-way)
GRN-2026-5486,PO-2026-0502,V-1136,Premier Cleaning Group,HH-3004,1000,1000,2026-07-10,Matched (3-way)
GRN-2026-5487,PO-2026-0585,V-1192,Asir Co Ltd,FG-1025,3000,3000,2026-06-30,Matched (3-way)
GRN-2026-5488,PO-2026-0574,V-1119,Arabian Snacks Company,BV-2007,5000,5000,2026-07-09,Matched (3-way)
GRN-2026-5489,PO-2026-0301,V-1029,Olaya Hygiene LLC,FG-1002,1500,1500,2026-06-29,Matched (3-way)
GRN-2026-5490,PO-2026-0254,V-1056,Bayt Beverages Co,HH-3013,5000,5000,2026-07-09,Matched (3-way)
GRN-2026-5491,PO-2026-0382,V-1091,Falcon Distribution Trading LLC,FG-1001,500,500,2026-07-05,Matched (3-way)
GRN-2026-5492,PO-2026-0391,V-1048,Tigris Confectionery Co,FG-1002,1500,1500,14/07/2026,Matched (3-way)
GRN-2026-5493,PO-2026-0431,V-1154,Maghrib Cosmetics LLC,FG-1025,3000,3000,2026-07-17,Matched (3-way)
GRN-2026-5494,PO-2026-0451,V-1127,Dar Marketing Group,HH-3004,500,500,2026-07-13,Matched (3-way)
GRN-2026-5495,PO-2026-0467,V-1141,Mada Industries Co,FG-1021,100,100,2026-07-09,Matched (3-way)
GRN-2026-5496,PO-2026-0489,V-1160,Al-Faisal Foodstuff Co LLC,CM-4018,800,800,2026-07-25,Matched (3-way)
GRN-2026-5497,PO-2026-0582,V-1103,Maghrib Dairy Trading LLC,FG-1009,2000,2000,2026-07-11,Matched (3-way)
GRN-2026-5498,PO-2026-0324,V-1080,Oasis Commercial Trading LLC,FG-1029,500,500,2026-07-17,Matched (3-way)
GRN-2026-5499,PO-2026-0263,V-1070,Bayt Confectionery Co,CM-4016,200,200,2026-07-07,Matched (3-way)
GRN-2026-5500,PO-2026-0275,V-1009,Bordeaux Cleaning Company,FG-1004,500,500,2026-07-23,Matched (3-way)
GRN-2026-9101,PO-2026-0999,V-1456,Gulf BioPharma Co,FG-2241,1200,1200,2026-04-30,NO MATCHING PO — orphan receipt
GRN-2026-9102,PO-2025-1311,V-1153,Hijaz Pharma Solutions Co,PKG-1101,24000,24000,2026-01-12,PO reference from prior-year sequence — verify
